module,link,title,authors,dump_conf,dump_id,dump_title,dump_cover,mb_api_conf,mb_api_id,mb_api_title,mb_api_cover,anilist_conf,anilist_id,anilist_title,anilist_cover,mangadex_links
MangaDex,https://mangadex.org/title/6a4bea99-65ef-465d-a7cb-870f89a82757,The Lion Never Sleeps,Noboru Rokuda,cross-id,30399,Lion wa Nemuranai,https://cdn.mangabaka.dev/imgproxy/plain/x250@1/aHR0cHM6Ly9zNC5hbmlsaXN0LmNvL2ZpbGUvYW5pbGlzdGNkbi9tZWRpYS9tYW5nYS9jb3Zlci9tZWRpdW0vYjEyMjQ4Ny04WGFWMWRDVG9WN0YuanBn,title+author,30399,Lion wa Nemuranai,https://cdn.mangabaka.dev/imgproxy/plain/x250@1/aHR0cHM6Ly9zNC5hbmlsaXN0LmNvL2ZpbGUvYW5pbGlzdGNkbi9tZWRpYS9tYW5nYS9jb3Zlci9tZWRpdW0vYjEyMjQ4Ny04WGFWMWRDVG9WN0YuanBn,none,,,,"{""al"": ""122487"", ""mu"": ""0t6hitx"", ""mal"": ""115677""}"
MangaDex,https://mangadex.org/title/a6970e8a-f125-451a-8e58-d0c27cf0ff58,Watashi wa Mada Kimi no Na wo Shiranai,KAWAGOE Sen,cross-id,71327,Watashi wa Mada Kimi no Na wo Shiranai,https://cdn.mangabaka.dev/imgproxy/plain/x250@1/aHR0cHM6Ly9jZG4ubWFuZ2F1cGRhdGVzLmNvbS9pbWFnZS9pNDI2NzQ5LmpwZw,title+author,71327,Watashi wa Mada Kimi no Na wo Shiranai,https://cdn.mangabaka.dev/imgproxy/plain/x250@1/aHR0cHM6Ly9jZG4ubWFuZ2F1cGRhdGVzLmNvbS9pbWFnZS9pNDI2NzQ5LmpwZw,none,,,,"{""mu"": ""9x44f4g""}"
MangaDex,https://mangadex.org/title/cb359bfb-e590-47bb-952e-c66cc94f1e68,Tosei: Ninkyou Shobou,Konno Bin,cross-id,65006,Tosei: Ninkyou Shobou,https://cdn.mangabaka.dev/imgproxy/plain/x250@1/aHR0cHM6Ly9jZG4ubWFuZ2F1cGRhdGVzLmNvbS9pbWFnZS9pODg0OTQucG5n,title+author,65006,Tosei: Ninkyou Shobou,https://cdn.mangabaka.dev/imgproxy/plain/x250@1/aHR0cHM6Ly9jZG4ubWFuZ2F1cGRhdGVzLmNvbS9pbWFnZS9pODg0OTQucG5n,none,,,,"{""mu"": ""rh2emad""}"
MangaDex,https://mangadex.org/title/02d3eb01-11e9-4eff-b522-fffa3ca63619,Otodokemono Desu!,Fuduki Atsuyo,cross-id,18181,Otokokemono desu!,https://cdn.mangabaka.dev/imgproxy/plain/x250@1/aHR0cHM6Ly9zNC5hbmlsaXN0LmNvL2ZpbGUvYW5pbGlzdGNkbi9tZWRpYS9tYW5nYS9jb3Zlci9tZWRpdW0vODg5NzctM3BYQ2VoSU1vRGVqLmpwZw,title+author,18181,Otokokemono desu!,https://cdn.mangabaka.dev/imgproxy/plain/x250@1/aHR0cHM6Ly9zNC5hbmlsaXN0LmNvL2ZpbGUvYW5pbGlzdGNkbi9tZWRpYS9tYW5nYS9jb3Zlci9tZWRpdW0vODg5NzctM3BYQ2VoSU1vRGVqLmpwZw,none,,,,"{""al"": ""88977"", ""ap"": ""otodokemono-desu"", ""kt"": ""25894"", ""mu"": ""xelx0fg"", ""mal"": ""60115""}"
MangaDex,https://mangadex.org/title/56f68462-d1b5-4cf5-942b-99391d5eb66a,The Villainess Is Done Trying,"Bakha (II), yeonhan",cross-id,82470,The Villainess is Done Trying,https://cdn.mangabaka.dev/imgproxy/plain/x250@1/aHR0cHM6Ly9pbWFnZXMubWFuZ2FiYWthLmRldi8zLzMvOC9hLzAvZS9iL2UvYWZiNi80ZmUxLzg4ODIvMzA2NjUxZThjMGQ0,title+author,82470,The Villainess is Done Trying,https://cdn.mangabaka.dev/imgproxy/plain/x250@1/aHR0cHM6Ly9pbWFnZXMubWFuZ2FiYWthLmRldi8zLzMvOC9hLzAvZS9iL2UvYWZiNi80ZmUxLzg4ODIvMzA2NjUxZThjMGQ0,title+author,182042,Angnyeoneun Modeun Ge Pigonhada,https://s4.anilist.co/file/anilistcdn/media/manga/cover/medium/bx182042-z2mXWgAoWMlb.jpg,"{""al"": ""182042"", ""ap"": ""the-villainess-is-done-trying"", ""mu"": ""nux256o"", ""mal"": ""178449""}"
MangaDex,https://mangadex.org/title/332cc4cc-c692-4321-96b8-fac9736561ca,Teppeki Joushi wa Tsuma wo Dekiai de Tokashitai - Marriage Life Simulation,SHIOKI Yutaka,cross-id,71582,Teppeki Joushi wa Tsuma wo Dekiai de Tokashitai - Marriage Life Simulation,https://cdn.mangabaka.dev/imgproxy/plain/x250@1/aHR0cHM6Ly9jZG4ubWFuZ2F1cGRhdGVzLmNvbS9pbWFnZS9pNDA4MzM0LmpwZw,title+author,71582,Teppeki Joushi wa Tsuma wo Dekiai de Tokashitai - Marriage Life Simulation,https://cdn.mangabaka.dev/imgproxy/plain/x250@1/aHR0cHM6Ly9jZG4ubWFuZ2F1cGRhdGVzLmNvbS9pbWFnZS9pNDA4MzM0LmpwZw,none,,,,"{""mu"": ""ob0x77x""}"
MangaDex,https://mangadex.org/title/f8425139-6333-4904-9dbe-1550fb7f753e,"Haikyu!! - Even If You're Okay, I'm Not (Doujinshi)","elevatordog (Circle), Uni Unio",cross-id,193084,"Haikyu!! dj - Even If You're Okay, I'm Not",https://cdn.mangabaka.dev/imgproxy/plain/x250@1/aHR0cHM6Ly9jZG4ubWFuZ2F1cGRhdGVzLmNvbS9pbWFnZS9pMjMzNDg4LmpwZw,none,,,,none,,,,"{""mu"": ""sfranrq""}"
MangaDex,https://mangadex.org/title/4171b061-fc1a-43e3-9b73-106bb8913bd0,Saikyou no Kyuuketsuhime wa Imouto ga Hoshii!!,Hiiro no Ame,cross-id,34725,The Strongest Vampire Princess Wants a Sister!,https://cdn.mangabaka.dev/imgproxy/plain/x250@1/aHR0cHM6Ly9zNC5hbmlsaXN0LmNvL2ZpbGUvYW5pbGlzdGNkbi9tZWRpYS9tYW5nYS9jb3Zlci9sYXJnZS9ieDExODA5NS1QVUJLMkRvVnRvMlkuanBn,title+author,34725,The Strongest Vampire Princess Wants a Sister!,https://cdn.mangabaka.dev/imgproxy/plain/x250@1/aHR0cHM6Ly9zNC5hbmlsaXN0LmNvL2ZpbGUvYW5pbGlzdGNkbi9tZWRpYS9tYW5nYS9jb3Zlci9sYXJnZS9ieDExODA5NS1QVUJLMkRvVnRvMlkuanBn,title+author,118095,Saikyou no Kyuuketsuhime wa Imouto ga Hoshii!!,https://s4.anilist.co/file/anilistcdn/media/manga/cover/medium/bx118095-PUBK2DoVto2Y.jpg,"{""al"": ""118095"", ""ap"": ""saikyou-no-kyuuketsu-hime-wa-imouto-ga-hoshii"", ""kt"": ""59998"", ""mu"": ""p03229e"", ""mal"": ""128831""}"
MangaDex,https://mangadex.org/title/56711d0c-bf3d-46db-a794-cc037e38ce63,Zetsurin Mutsu-kun wa Oukiu Kuri ga Suki ~Kasshoku Danshi ni Dekiai sa Re-ppanashi~,Arata Kaoru,cross-id,80644,Zetsurin Mutsu-kun wa Oukiu Kuri ga Suki ~Kasshoku Danshi ni Dekiai sa Re-ppanashi~,https://cdn.mangabaka.dev/imgproxy/plain/x250@1/aHR0cHM6Ly9pbWFnZXMubWFuZ2FiYWthLmRldi82LzMvZS83L2UvYi9kL2YvYjNkYS80MDU5LzkwODMvZjQyOTdjMTljYTQ4,title+author,80644,Zetsurin Mutsu-kun wa Oukiu Kuri ga Suki ~Kasshoku Danshi ni Dekiai sa Re-ppanashi~,https://cdn.mangabaka.dev/imgproxy/plain/x250@1/aHR0cHM6Ly9pbWFnZXMubWFuZ2FiYWthLmRldi82LzMvZS83L2UvYi9kL2YvYjNkYS80MDU5LzkwODMvZjQyOTdjMTljYTQ4,none,,,,"{""mu"": ""3941j7m""}"
MangaDex,https://mangadex.org/title/1c6de33a-6d51-466a-827a-5a113e6c37f2,Mabuta no Shunjou,Takami Jiro,cross-id,20547,Mabuta no Shunjou,https://cdn.mangabaka.dev/imgproxy/plain/x250@1/aHR0cHM6Ly9jZG4ubWFuZ2F1cGRhdGVzLmNvbS9pbWFnZS9pMjM2MDc3LnBuZw,title+author,20547,Mabuta no Shunjou,https://cdn.mangabaka.dev/imgproxy/plain/x250@1/aHR0cHM6Ly9jZG4ubWFuZ2F1cGRhdGVzLmNvbS9pbWFnZS9pMjM2MDc3LnBuZw,none,,,,"{""mu"": ""1yr4m39""}"
MangaDex,https://mangadex.org/title/417fb35c-8372-4bf5-ade4-730b628a6f4b,Tekikoku Ouji ni Ikasarechau Anthology,"Kitazawa Kyou, Nimaki Ari, Porry, Sakazaki Miyuki, Hagi Amone, Fudono Fudou, Sakino Yuuya, Saiki Makiko, Fumi Maro, Tsukino Meito, Kisaki Myu, Gouma, Miyoshino, Amane Jin, Nekomiya Nao (猫宮なお), Arakawa Hiyori",cross-id,74699,Tekikoku Ouji ni Ikasarechau Anthology,https://cdn.mangabaka.dev/imgproxy/plain/x250@1/aHR0cHM6Ly9jZG4ubWFuZ2F1cGRhdGVzLmNvbS9pbWFnZS9pNDM2NjU4LmpwZw,title+author,74699,Tekikoku Ouji ni Ikasarechau Anthology,https://cdn.mangabaka.dev/imgproxy/plain/x250@1/aHR0cHM6Ly9jZG4ubWFuZ2F1cGRhdGVzLmNvbS9pbWFnZS9pNDM2NjU4LmpwZw,none,,,,"{""mu"": ""y4enkk4""}"
MangaDex,https://mangadex.org/title/a7df9e5f-671e-45f8-8d2e-bf7b39019579,My Spiritual Girlfriends,"Star Cartoon Dimension (星漫次元), 安徽微漫",cross-id,40786,My Affair With a Ghostly Girlfriend,https://cdn.mangabaka.dev/imgproxy/plain/x250@1/aHR0cHM6Ly9zNC5hbmlsaXN0LmNvL2ZpbGUvYW5pbGlzdGNkbi9tZWRpYS9tYW5nYS9jb3Zlci9tZWRpdW0vYjEzMzU4MS1HbGFxNTBkcHd3OWsucG5n,author-conflict,,,,none,,,,"{""al"": ""133581"", ""ap"": ""my-affair-with-a-ghostly-girlfriend"", ""mu"": ""qj80gqu""}"
MangaDex,https://mangadex.org/title/12184894-cb52-4413-9770-b0c7ba8e890e,C6H10O - Distress Signal,K君不想动,cross-id,52772,C6H10O Qiu Jiu Xin Hao,https://cdn.mangabaka.dev/imgproxy/plain/x250@1/aHR0cHM6Ly9jZG4ubWFuZ2F1cGRhdGVzLmNvbS9pbWFnZS9pMzUyNTg2LmpwZw,title+author,52772,C6H10O Qiu Jiu Xin Hao,https://cdn.mangabaka.dev/imgproxy/plain/x250@1/aHR0cHM6Ly9jZG4ubWFuZ2F1cGRhdGVzLmNvbS9pbWFnZS9pMzUyNTg2LmpwZw,none,,,,"{""mu"": ""0zckhk6""}"
MangaDex,https://mangadex.org/title/c2d9a9b0-2b30-484c-ab4d-cfdcd9e8b364,Kantai Collection -KanColle- - Senkan Nagato to Hentai Teitoku (Doujinshi),Kojima Saya,none,,,,none,,,,none,,,,{}
MangaDex,https://mangadex.org/title/3f9c0fc0-0b1c-4ab0-a888-aacd456471fd,Sugar,Togane Sakura,author-conflict,,,,author-conflict,,,,author-conflict,,,,{}
MangaDex,https://mangadex.org/title/a5479a72-b2c5-47eb-9db6-4317add5ca29,Dennou Kaikitan Cyberone,Sugito Akira,cross-id,65584,Dennou Kaikitan Cyberone,https://cdn.mangabaka.dev/imgproxy/plain/x250@1/aHR0cHM6Ly9zNC5hbmlsaXN0LmNvL2ZpbGUvYW5pbGlzdGNkbi9tZWRpYS9tYW5nYS9jb3Zlci9tZWRpdW0vOTM5MjAtVjUxY0FXQnczZ1R6LmpwZw,title+author,65584,Dennou Kaikitan Cyberone,https://cdn.mangabaka.dev/imgproxy/plain/x250@1/aHR0cHM6Ly9zNC5hbmlsaXN0LmNvL2ZpbGUvYW5pbGlzdGNkbi9tZWRpYS9tYW5nYS9jb3Zlci9tZWRpdW0vOTM5MjAtVjUxY0FXQnczZ1R6LmpwZw,title+author,93920,Dennou Kaikitan Cyberone,https://s4.anilist.co/file/anilistcdn/media/manga/cover/medium/93920-V51cAWBw3gTz.jpg,"{""al"": ""93920"", ""ap"": ""dennou-kaikitan-cyberone"", ""mu"": ""iimuv89"", ""mal"": ""86248""}"
MangaDex,https://mangadex.org/title/08177773-6777-4396-a932-0eda524d0c77,Ofuro de...♥,inkey,cross-id,138951,Ofuro de...,https://cdn.mangabaka.dev/imgproxy/plain/x250@1/aHR0cHM6Ly9zNC5hbmlsaXN0LmNvL2ZpbGUvYW5pbGlzdGNkbi9tZWRpYS9tYW5nYS9jb3Zlci9tZWRpdW0vMzk0OTMuanBn,title+author,138951,Ofuro de...,https://cdn.mangabaka.dev/imgproxy/plain/x250@1/aHR0cHM6Ly9zNC5hbmlsaXN0LmNvL2ZpbGUvYW5pbGlzdGNkbi9tZWRpYS9tYW5nYS9jb3Zlci9tZWRpdW0vMzk0OTMuanBn,title+author,69493,Ofuro de...,https://s4.anilist.co/file/anilistcdn/media/manga/cover/medium/39493.jpg,"{""al"": ""69493"", ""mu"": ""8jt9qey"", ""mal"": ""39493""}"
MangaDex,https://mangadex.org/title/e2bf2f36-64e1-49ab-bdfd-9c11cd0db08d,Tokyo Majin Gakuen Kenpuchou  - Ryu Ryu,Sakura Ryo,cross-id,13723,Tokyo Majin Gakuen Kenpuuchou: Tou,https://cdn.mangabaka.dev/imgproxy/plain/x250@1/aHR0cHM6Ly9zNC5hbmlsaXN0LmNvL2ZpbGUvYW5pbGlzdGNkbi9tZWRpYS9tYW5nYS9jb3Zlci9tZWRpdW0vYjQzMjYwLXFzcHNBRWl0S3I1dy5wbmc,title+author,13723,Tokyo Majin Gakuen Kenpuuchou: Tou,https://cdn.mangabaka.dev/imgproxy/plain/x250@1/aHR0cHM6Ly9zNC5hbmlsaXN0LmNvL2ZpbGUvYW5pbGlzdGNkbi9tZWRpYS9tYW5nYS9jb3Zlci9tZWRpdW0vYjQzMjYwLXFzcHNBRWl0S3I1dy5wbmc,none,,,,"{""mu"": ""uizzc7g"", ""mal"": ""13260""}"
MangaDex,https://mangadex.org/title/acbca32a-7a40-4b23-b8dc-ccc773b53591,Azur Lane - Belfast is Sugar Sweet (Doujinshi),Takara Akihito,none,,,,none,,,,none,,,,{}
MangaDex,https://mangadex.org/title/77ffab77-99e1-4c7d-a3a3-4c8bb5a67cf0,Bocchi the Rock! - Deisui shita Hiroi Kikuri ni Warui Koto o Suru Hanashi (Doujinshi),Dokuneko Noil,cross-id,198402,Bocchi the Rock! dj - Blackout Drunk Hiroi Kikuri Has a Very Bad Night,https://cdn.mangabaka.dev/imgproxy/plain/x250@1/aHR0cHM6Ly9jZG4ubWFuZ2F1cGRhdGVzLmNvbS9pbWFnZS9pNDUwMzE5LmpwZw,none,,,,none,,,,"{""mu"": ""4e0n1hj""}"
MangaDex,https://mangadex.org/title/956a4307-34c1-469d-9882-cde48e9d3609,"Adios, Noches!",Tezuka Osamu,cross-id,51874,Yoru yo Sayonara,https://cdn.mangabaka.dev/imgproxy/plain/x250@1/aHR0cHM6Ly9hcC1wcm94eS5tYW5nYWJha2EuZGV2L3Byb3h5LnBocD91cmw9aHR0cHM6Ly9jZG4uYW5pbWUtcGxhbmV0LmNvbS9tYW5nYS9wcmltYXJ5L3lvcnUteW8tc2F5b25hcmEtMS5qcGc_dD0xNjI1OTIxNDAw,title+author,51874,Yoru yo Sayonara,https://cdn.mangabaka.dev/imgproxy/plain/x250@1/aHR0cHM6Ly9hcC1wcm94eS5tYW5nYWJha2EuZGV2L3Byb3h5LnBocD91cmw9aHR0cHM6Ly9jZG4uYW5pbWUtcGxhbmV0LmNvbS9tYW5nYS9wcmltYXJ5L3lvcnUteW8tc2F5b25hcmEtMS5qcGc_dD0xNjI1OTIxNDAw,none,,,,"{""ap"": ""yoru-yo-sayonara"", ""mu"": ""d2ngz8u""}"
MangaDex,https://mangadex.org/title/f99a1e4b-595a-453d-b911-42704327753c,Jujutsu Kaisen - LINKS JINX (Doujinshi),"Uesugi (上椙), 53* (Circle)",title+author,197151,Jujutsu Kaisen dj - Links Jinx,https://cdn.mangabaka.dev/imgproxy/plain/x250@1/aHR0cHM6Ly9jZG4ubWFuZ2F1cGRhdGVzLmNvbS9pbWFnZS9pNDY2MzI5LmpwZw,none,,,,none,,,,{}
MangaDex,https://mangadex.org/title/2ab75795-4b05-456f-b7d5-28fea03870be,Succubus na no o Kakushiteru Shishunki JK,Komatsuri Tamago,none,,,,none,,,,none,,,,{}
MangaDex,https://mangadex.org/title/72b2aff8-3dbc-4a81-8775-efd88f663a50,Thank You for Being a Part of My Youth,爆漫画/胡辣瞎,none,,,,none,,,,none,,,,{}
MangaDex,https://mangadex.org/title/d3e3df2d-e23e-470d-b778-6b5d63b6cd8e,Touhou Project Niji Sousaku Series - Sanae-san wa Iedechuu!,Azuma Aya,cross-id,45375,Sanae is Running Away from Home!,https://cdn.mangabaka.dev/imgproxy/plain/x250@1/aHR0cHM6Ly9zNC5hbmlsaXN0LmNvL2ZpbGUvYW5pbGlzdGNkbi9tZWRpYS9tYW5nYS9jb3Zlci9sYXJnZS9ieDE1MDc1Ny12a3J6R0JMbFN3QTIuanBn,title+author,45375,Sanae is Running Away from Home!,https://cdn.mangabaka.dev/imgproxy/plain/x250@1/aHR0cHM6Ly9zNC5hbmlsaXN0LmNvL2ZpbGUvYW5pbGlzdGNkbi9tZWRpYS9tYW5nYS9jb3Zlci9sYXJnZS9ieDE1MDc1Ny12a3J6R0JMbFN3QTIuanBn,none,,,,"{""al"": ""150757"", ""ap"": ""sanae-san-wa-iedechuu"", ""mal"": ""138636""}"
MangaDex,https://mangadex.org/title/370c8ddd-2876-4476-b99e-4a3194c4bb7a,Chevreul's Pendulum,Inuki Kanako,none,,,,none,,,,none,,,,{}
MangaDex,https://mangadex.org/title/0c2c9ed0-d5ab-4f3d-a08d-b288d76c1b33,The Tough Life of a Journalist,Gogija,cross-id,8425,The Tough Life of a Journalist,https://cdn.mangabaka.dev/imgproxy/plain/x250@1/aHR0cHM6Ly9hcC1wcm94eS5tYW5nYWJha2EuZGV2L3Byb3h5LnBocD91cmw9aHR0cHM6Ly9jZG4uYW5pbWUtcGxhbmV0LmNvbS9tYW5nYS9wcmltYXJ5L3RoZS10b3VnaC1saWZlLW9mLWEtam91cm5hbGlzdC0xLndlYnA_dD0xNzI2NzEwOTg2,title+author,8425,The Tough Life of a Journalist,https://cdn.mangabaka.dev/imgproxy/plain/x250@1/aHR0cHM6Ly9hcC1wcm94eS5tYW5nYWJha2EuZGV2L3Byb3h5LnBocD91cmw9aHR0cHM6Ly9jZG4uYW5pbWUtcGxhbmV0LmNvbS9tYW5nYS9wcmltYXJ5L3RoZS10b3VnaC1saWZlLW9mLWEtam91cm5hbGlzdC0xLndlYnA_dD0xNzI2NzEwOTg2,none,,,,"{""mu"": ""5dgdujx""}"
MangaDex,https://mangadex.org/title/72241621-8bb9-46fa-8dd0-583d10f720ea,Joker Trap,"Hyper Reality, Tennouji Mio (天王寺ミオ)",cross-id,27678,Joker Trap,https://cdn.mangabaka.dev/imgproxy/plain/x250@1/aHR0cHM6Ly9zNC5hbmlsaXN0LmNvL2ZpbGUvYW5pbGlzdGNkbi9tZWRpYS9tYW5nYS9jb3Zlci9tZWRpdW0vMTkzNjMuanBn,title+author,27678,Joker Trap,https://cdn.mangabaka.dev/imgproxy/plain/x250@1/aHR0cHM6Ly9zNC5hbmlsaXN0LmNvL2ZpbGUvYW5pbGlzdGNkbi9tZWRpYS9tYW5nYS9jb3Zlci9tZWRpdW0vMTkzNjMuanBn,title+author,49363,Joker Trap,https://s4.anilist.co/file/anilistcdn/media/manga/cover/medium/19363.jpg,"{""al"": ""49363"", ""ap"": ""joker-trap"", ""kt"": ""7499"", ""mu"": ""ple8hor"", ""mal"": ""19363""}"
MangaDex,https://mangadex.org/title/c6a933e7-00d9-4ca3-bfc7-2fcda9819c44,Wadatsumi-sama,Chiba Tetsutarou,cross-id,282873,Wadatsumi-sama,https://cdn.mangabaka.dev/imgproxy/plain/x250@1/aHR0cHM6Ly9jZG4ubWFuZ2F1cGRhdGVzLmNvbS9pbWFnZS9pMjQ5NTkyLnBuZw,title+author,282873,Wadatsumi-sama,https://cdn.mangabaka.dev/imgproxy/plain/x250@1/aHR0cHM6Ly9jZG4ubWFuZ2F1cGRhdGVzLmNvbS9pbWFnZS9pMjQ5NTkyLnBuZw,none,,,,"{""mu"": ""46suh9q""}"
MangaDex,https://mangadex.org/title/0a154d63-c803-4cff-bc2f-57edfb706ee1,Art/Stroke,"M.M, M.M",cross-id,58104,Art/Stroke,https://cdn.mangabaka.dev/imgproxy/plain/x250@1/aHR0cHM6Ly9jZG4ubWFuZ2F1cGRhdGVzLmNvbS9pbWFnZS9pMzc2NDY5LmpwZw,title+author,58104,Art/Stroke,https://cdn.mangabaka.dev/imgproxy/plain/x250@1/aHR0cHM6Ly9jZG4ubWFuZ2F1cGRhdGVzLmNvbS9pbWFnZS9pMzc2NDY5LmpwZw,none,,,,"{""mu"": ""40wxui0""}"
MangaDex,https://mangadex.org/title/7f72200e-8c2f-409b-8384-656d6bb8fa1b,The Cocoon of Time,Hunting Age,author-conflict,,,,author-conflict,,,,none,,,,{}
MangaDex,https://mangadex.org/title/d474fdac-584e-4108-975e-a0c665b6827f,Amai Kuchibiru,Morinaga Milk,cross-id,117625,Amai Kuchibiru,https://cdn.mangabaka.dev/imgproxy/plain/x250@1/aHR0cHM6Ly9zNC5hbmlsaXN0LmNvL2ZpbGUvYW5pbGlzdGNkbi9tZWRpYS9tYW5nYS9jb3Zlci9sYXJnZS9ueDM3ODYyLW9kbThPUDlJYW5yQS5qcGc,title+author,117625,Amai Kuchibiru,https://cdn.mangabaka.dev/imgproxy/plain/x250@1/aHR0cHM6Ly9zNC5hbmlsaXN0LmNvL2ZpbGUvYW5pbGlzdGNkbi9tZWRpYS9tYW5nYS9jb3Zlci9sYXJnZS9ueDM3ODYyLW9kbThPUDlJYW5yQS5qcGc,title+author,37862,Amai Kuchibiru,https://s4.anilist.co/file/anilistcdn/media/manga/cover/medium/nx37862-odm8OP9IanrA.jpg,"{""al"": ""37862"", ""kt"": ""16072"", ""mu"": ""1osmwfx"", ""mal"": ""7862""}"
MangaDex,https://mangadex.org/title/bf168a84-a39a-40b9-9c13-e0b8996533f1,Touhou - Marshmallow Sumireko (Doujinshi),"Zounose, Yakumi Sarai (Circle)",title+author,36399,Touhou Project dj - Marshmallow Sumireko,https://cdn.mangabaka.dev/imgproxy/plain/x250@1/aHR0cHM6Ly9jZG4ubWFuZ2F1cGRhdGVzLmNvbS9pbWFnZS9pMzUwOTUwLmpwZw,title+author,36399,Touhou Project dj - Marshmallow Sumireko,https://cdn.mangabaka.dev/imgproxy/plain/x250@1/aHR0cHM6Ly9jZG4ubWFuZ2F1cGRhdGVzLmNvbS9pbWFnZS9pMzUwOTUwLmpwZw,none,,,,{}
MangaDex,https://mangadex.org/title/3e643142-62f8-46fa-9ec7-2e9318354c67,Versailles of the Dead,Suekane Kumiko,cross-id,36813,Versailles of the Dead,https://cdn.mangabaka.dev/imgproxy/plain/x250@1/aHR0cHM6Ly9pbWFnZXMubWFuZ2FiYWthLmRldi8xL2MvZS9iL2IvMi9kL2YvZDNmNi80YzVkL2I0ZTkvNTg2ZDRiOTllNGMz,title+author,36813,Versailles of the Dead,https://cdn.mangabaka.dev/imgproxy/plain/x250@1/aHR0cHM6Ly9pbWFnZXMubWFuZ2FiYWthLmRldi8xL2MvZS9iL2IvMi9kL2YvZDNmNi80YzVkL2I0ZTkvNTg2ZDRiOTllNGMz,title+author,101006,Versailles of the Dead,https://s4.anilist.co/file/anilistcdn/media/manga/cover/medium/nx101006-K1FCJ9P7bfdf.jpg,"{""al"": ""101006"", ""ap"": ""versailles-of-the-dead"", ""kt"": ""40337"", ""mu"": ""gj1wmyb"", ""mal"": ""95958""}"
MangaDex,https://mangadex.org/title/31248326-0448-49ef-824d-413c17d7d285,Obviously I'm In Love,Cho Min Young,cross-id,37142,Obviously I'm In Love,https://cdn.mangabaka.dev/imgproxy/plain/x250@1/aHR0cHM6Ly9pbWFnZXMubWFuZ2FiYWthLmRldi85L2IvOC81LzMvZC81L2MvYTFlMi80ZjFiL2FhYWQvYjNjOTY5N2I3MjU0,title+author,37142,Obviously I'm In Love,https://cdn.mangabaka.dev/imgproxy/plain/x250@1/aHR0cHM6Ly9pbWFnZXMubWFuZ2FiYWthLmRldi85L2IvOC81LzMvZC81L2MvYTFlMi80ZjFiL2FhYWQvYjNjOTY5N2I3MjU0,title+author,117059,Ti Naneun Salang,https://s4.anilist.co/file/anilistcdn/media/manga/cover/medium/bx117059-HRaE5v52YI6D.png,"{""al"": ""117059"", ""ap"": ""obviously-in-love"", ""kt"": ""71016"", ""mu"": ""6c6b9wa""}"
MangaDex,https://mangadex.org/title/697d8d6e-c9f9-4b32-a46d-6559347dfbc4,Immortal Merchant,Liu Hua Man Chuang,cross-id,30288,Immortal Merchant,https://cdn.mangabaka.dev/imgproxy/plain/x250@1/aHR0cHM6Ly9zNC5hbmlsaXN0LmNvL2ZpbGUvYW5pbGlzdGNkbi9tZWRpYS9tYW5nYS9jb3Zlci9tZWRpdW0vYjEwODE0My1Pd0pvWTFvcDFHdHAuanBn,title+author,30288,Immortal Merchant,https://cdn.mangabaka.dev/imgproxy/plain/x250@1/aHR0cHM6Ly9zNC5hbmlsaXN0LmNvL2ZpbGUvYW5pbGlzdGNkbi9tZWRpYS9tYW5nYS9jb3Zlci9tZWRpdW0vYjEwODE0My1Pd0pvWTFvcDFHdHAuanBn,title+author,108143,Xian Shang,https://s4.anilist.co/file/anilistcdn/media/manga/cover/medium/b108143-OwJoY1op1Gtp.jpg,"{""al"": ""108143"", ""kt"": ""54055"", ""mu"": ""9e3c2th""}"
MangaDex,https://mangadex.org/title/8f12cbd0-c763-4f06-926a-cfeb5c03c920,Nemureru Hoshi,Youkihi,cross-id,10984,Sleepin' Planet,https://cdn.mangabaka.dev/imgproxy/plain/x250@1/aHR0cHM6Ly9zNC5hbmlsaXN0LmNvL2ZpbGUvYW5pbGlzdGNkbi9tZWRpYS9tYW5nYS9jb3Zlci9tZWRpdW0vMTI3NjcuanBn,title+author,10984,Sleepin' Planet,https://cdn.mangabaka.dev/imgproxy/plain/x250@1/aHR0cHM6Ly9zNC5hbmlsaXN0LmNvL2ZpbGUvYW5pbGlzdGNkbi9tZWRpYS9tYW5nYS9jb3Zlci9tZWRpdW0vMTI3NjcuanBn,title+author,42767,Nemureru Hoshi,https://s4.anilist.co/file/anilistcdn/media/manga/cover/medium/12767.jpg,"{""al"": ""42767"", ""ap"": ""nemureru-hoshi"", ""kt"": ""23220"", ""mu"": ""168xmtj"", ""mal"": ""12767""}"
MangaDex,https://mangadex.org/title/91cfbf64-242c-4e22-a211-db9b4445da46,Salvos (A Monster Evolution LitRPG),"MelasDelta, KP Comics Studios",author-conflict,,,,author-conflict,,,,none,,,,{}
MangaDex,https://mangadex.org/title/1ff2fccb-f91a-43b7-b4f1-da2595ac09b2,Gin no Jiiku,Kishi Yuuko,cross-id,65451,Gin no Jeek,https://cdn.mangabaka.dev/imgproxy/plain/x250@1/aHR0cHM6Ly9zNC5hbmlsaXN0LmNvL2ZpbGUvYW5pbGlzdGNkbi9tZWRpYS9tYW5nYS9jb3Zlci9tZWRpdW0vMjAzOTUuanBn,title+author,65451,Gin no Jeek,https://cdn.mangabaka.dev/imgproxy/plain/x250@1/aHR0cHM6Ly9zNC5hbmlsaXN0LmNvL2ZpbGUvYW5pbGlzdGNkbi9tZWRpYS9tYW5nYS9jb3Zlci9tZWRpdW0vMjAzOTUuanBn,none,,,,"{""mu"": ""fmpbfjo""}"
MangaDex,https://mangadex.org/title/d96c3ccf-cd45-4220-9442-9f6337f8c498,Ultimate clown,captain_tai,none,,,,none,,,,none,,,,{}
MangaDex,https://mangadex.org/title/06ee869c-ec4a-43df-8a26-3442ec0d6d60,Dragon Effect: Sakamoto Ryoma Ibun,"Ikegami Ryoichi, Yamashina Kiyoharu",cross-id,74093,Dragon Effect,https://cdn.mangabaka.dev/imgproxy/plain/x250@1/aHR0cHM6Ly9jZG4ubXlhbmltZWxpc3QubmV0L2ltYWdlcy9tYW5nYS8xLzI1NTMwMmwuanBn,title+author,74093,Dragon Effect,https://cdn.mangabaka.dev/imgproxy/plain/x250@1/aHR0cHM6Ly9jZG4ubXlhbmltZWxpc3QubmV0L2ltYWdlcy9tYW5nYS8xLzI1NTMwMmwuanBn,none,,,,"{""mu"": ""wor805z"", ""mal"": ""143859""}"
MangaDex,https://mangadex.org/title/520efc06-aa1a-495a-9188-c0af7b0a460a,Hyakujitsu no Bara - Nikukyuu Techou (Doujinshi),Kohaku Sabou (Inariya Fusanosuke),cross-id,33867,Hyakujitsu no Bara dj - Nikukyuu Techou,https://cdn.mangabaka.dev/imgproxy/plain/x250@1/aHR0cHM6Ly9jZG4ubWFuZ2F1cGRhdGVzLmNvbS9pbWFnZS9pMjQ4OTY2LmpwZw,none,,,,none,,,,"{""mu"": ""7rhohv2""}"
MangaDex,https://mangadex.org/title/c5e6d705-17ca-448d-9d0a-ce84e654f80e,Tsuma no Tame ni Tameta Kozukuri Seishi o Gimai no JK Manko ni Nagashikondeshimatta Boku.,Junsei Chuurenpoutou,cross-id,197505,Tsuma no Tame ni Tameta Kozukuri Seishi o Gimai no JK Manko ni Nagashikondeshimatta Boku.,https://cdn.mangabaka.dev/imgproxy/plain/x250@1/aHR0cHM6Ly9jZG4ubWFuZ2F1cGRhdGVzLmNvbS9pbWFnZS9pNDI4ODkxLmpwZw,title+author,197505,Tsuma no Tame ni Tameta Kozukuri Seishi o Gimai no JK Manko ni Nagashikondeshimatta Boku.,https://cdn.mangabaka.dev/imgproxy/plain/x250@1/aHR0cHM6Ly9jZG4ubWFuZ2F1cGRhdGVzLmNvbS9pbWFnZS9pNDI4ODkxLmpwZw,none,,,,"{""mu"": ""80677ga""}"
MangaDex,https://mangadex.org/title/30cfa62d-9d6e-4626-91a7-256d71778d8f,Fools,Saraike Atsushi,cross-id,34411,Fools,https://cdn.mangabaka.dev/imgproxy/plain/x250@1/aHR0cHM6Ly9zNC5hbmlsaXN0LmNvL2ZpbGUvYW5pbGlzdGNkbi9tZWRpYS9tYW5nYS9jb3Zlci9sYXJnZS9ieDEwNjc2NC11ZkE0VnNRQWlXZFguanBn,title+author,34411,Fools,https://cdn.mangabaka.dev/imgproxy/plain/x250@1/aHR0cHM6Ly9zNC5hbmlsaXN0LmNvL2ZpbGUvYW5pbGlzdGNkbi9tZWRpYS9tYW5nYS9jb3Zlci9sYXJnZS9ieDEwNjc2NC11ZkE0VnNRQWlXZFguanBn,title+author,106764,Fools,https://s4.anilist.co/file/anilistcdn/media/manga/cover/medium/bx106764-ufA4VsQAiWdX.jpg,"{""al"": ""106764"", ""ap"": ""fools-atsushi-saraike"", ""mu"": ""aukuj1t"", ""mal"": ""155845""}"
MangaDex,https://mangadex.org/title/3397fcf6-18bb-4983-8daa-2b0ccd79487e,Shen Yin Wang Zuo,Tang Jia San Shao (唐家三少),cross-id,7508,Sealed Divine Throne,https://cdn.mangabaka.dev/imgproxy/plain/x250@1/aHR0cHM6Ly9zNC5hbmlsaXN0LmNvL2ZpbGUvYW5pbGlzdGNkbi9tZWRpYS9tYW5nYS9jb3Zlci9sYXJnZS9ieDg1OTc5LTRKbVRmSXlRdGFWYS5qcGc,title+author,7508,Sealed Divine Throne,https://cdn.mangabaka.dev/imgproxy/plain/x250@1/aHR0cHM6Ly9zNC5hbmlsaXN0LmNvL2ZpbGUvYW5pbGlzdGNkbi9tZWRpYS9tYW5nYS9jb3Zlci9sYXJnZS9ieDg1OTc5LTRKbVRmSXlRdGFWYS5qcGc,none,,,,"{""al"": ""85979"", ""ap"": ""shen-yin-wang-zuo"", ""mu"": ""2r4s9wj"", ""mal"": ""112093""}"
MangaDex,https://mangadex.org/title/5124c185-31a8-488c-9dc4-e4be9614520c,Katatsumuri Zensen,FUJIKAWA Kayo,cross-id,62866,Snail Frontline,https://cdn.mangabaka.dev/imgproxy/plain/x250@1/aHR0cHM6Ly9zNC5hbmlsaXN0LmNvL2ZpbGUvYW5pbGlzdGNkbi9tZWRpYS9tYW5nYS9jb3Zlci9tZWRpdW0vYjM2MDgxLUJ2NmNma3YwWktISS5qcGc,title+author,62866,Snail Frontline,https://cdn.mangabaka.dev/imgproxy/plain/x250@1/aHR0cHM6Ly9zNC5hbmlsaXN0LmNvL2ZpbGUvYW5pbGlzdGNkbi9tZWRpYS9tYW5nYS9jb3Zlci9tZWRpdW0vYjM2MDgxLUJ2NmNma3YwWktISS5qcGc,title+author,36081,Katatsumuri Zensen,https://s4.anilist.co/file/anilistcdn/media/manga/cover/medium/b36081-Bv6cfkv0ZKHI.jpg,"{""mu"": ""ot4rf2b""}"
MangaDex,https://mangadex.org/title/f1c1cfc8-46d4-4b92-b558-c181b27ab145,Sora no Manimani - Super Nova (Sextet Girls) (Doujinshi),furuike,title+author,252821,Sora no Manimani dj - Super Nova,https://cdn.mangabaka.dev/imgproxy/plain/x250@1/aHR0cHM6Ly9jZG4ubWFuZ2F1cGRhdGVzLmNvbS9pbWFnZS9pMjgzNTQxLmpwZw,none,,,,none,,,,{}
MangaDex,https://mangadex.org/title/a7c03718-2de3-4697-a442-46d525356807,"Veil no Seijo - Minikui to Gokaisareta Seijo, Ikemen Goei Kishi ni Dekiaisareru",Yamada Tsuyuko,cross-id,71926,Virgin of the Veil,https://cdn.mangabaka.dev/imgproxy/plain/x250@1/aHR0cHM6Ly9zNC5hbmlsaXN0LmNvL2ZpbGUvYW5pbGlzdGNkbi9tZWRpYS9tYW5nYS9jb3Zlci9sYXJnZS9ieDIwNTEyOS1vNDllTzFDTG9QMkEuanBn,title+author,71926,Virgin of the Veil,https://cdn.mangabaka.dev/imgproxy/plain/x250@1/aHR0cHM6Ly9zNC5hbmlsaXN0LmNvL2ZpbGUvYW5pbGlzdGNkbi9tZWRpYS9tYW5nYS9jb3Zlci9sYXJnZS9ieDIwNTEyOS1vNDllTzFDTG9QMkEuanBn,none,,,,"{""ap"": ""veil-no-seijo-minikui-to-gokaisareta-seijo-ikemen-goei-kishi-ni-dekiaisareru"", ""mu"": ""am0gr6q"", ""mal"": ""182781""}"
MangaDex,https://mangadex.org/title/7469f9f6-8283-4a59-a8a2-d82dd32c2a64,Urban Best Medic,Xiao Yu,cross-id,37832,Dushi Jipin Xian Yi,https://cdn.mangabaka.dev/imgproxy/plain/x250@1/aHR0cHM6Ly9zNC5hbmlsaXN0LmNvL2ZpbGUvYW5pbGlzdGNkbi9tZWRpYS9tYW5nYS9jb3Zlci9tZWRpdW0vYjE0NTQxNy11QlgyTU1ma21rNGQuanBn,author-conflict,,,,author-conflict,,,,"{""al"": ""145417"", ""ap"": ""urban-best-medic"", ""kt"": ""55879"", ""mu"": ""xjf4rem""}"
MangaDex,https://mangadex.org/title/61c0243d-83b4-4318-9e14-cf00e02ea5bf,Sponsor,Jinseon,cross-id,44893,Sponsor,https://cdn.mangabaka.dev/imgproxy/plain/x250@1/aHR0cHM6Ly9pbWFnZXMubWFuZ2FiYWthLmRldi9mLzkvMy8xLzYvOC8wL2EvNzA0OS80NDUwL2EyYjkvNjQ3MmQ2MTJjZWE1,title+author,44893,Sponsor,https://cdn.mangabaka.dev/imgproxy/plain/x250@1/aHR0cHM6Ly9pbWFnZXMubWFuZ2FiYWthLmRldi9mLzkvMy8xLzYvOC8wL2EvNzA0OS80NDUwL2EyYjkvNjQ3MmQ2MTJjZWE1,title+author,143557,Sponsor,https://s4.anilist.co/file/anilistcdn/media/manga/cover/medium/bx143557-MKlbJeBwu5ue.jpg,"{""al"": ""143557"", ""mu"": ""3hr6glc""}"
MangaFire,https://mangafire.to/manga/tenpou-ibun-ayakashi-ayashii.rw1op,Strange Tale from Tempou Era Ayakashi Ayashi,"Shou Aikawa, Yaeko Ninagawa",title+author,78623,Strange Tale from Tempou Era Ayakashi Ayashi,https://cdn.mangabaka.dev/imgproxy/plain/x250@1/aHR0cHM6Ly9zNC5hbmlsaXN0LmNvL2ZpbGUvYW5pbGlzdGNkbi9tZWRpYS9tYW5nYS9jb3Zlci9tZWRpdW0vYjQwNTI1LWduOTdlemlZcDZvVC5wbmc,title+author,78623,Strange Tale from Tempou Era Ayakashi Ayashi,https://cdn.mangabaka.dev/imgproxy/plain/x250@1/aHR0cHM6Ly9zNC5hbmlsaXN0LmNvL2ZpbGUvYW5pbGlzdGNkbi9tZWRpYS9tYW5nYS9jb3Zlci9tZWRpdW0vYjQwNTI1LWduOTdlemlZcDZvVC5wbmc,title+author,40525,Tenpou Ibun Ayakashi Ayashi,https://s4.anilist.co/file/anilistcdn/media/manga/cover/medium/b40525-gn97eziYp6oT.png,
MangaFire,https://mangafire.to/manga/ab-angelbloodd.55jj,Angel+Blood,Chaco Abeno,title+author,17543,Angel+Blood,https://cdn.mangabaka.dev/imgproxy/plain/x250@1/aHR0cHM6Ly9zNC5hbmlsaXN0LmNvL2ZpbGUvYW5pbGlzdGNkbi9tZWRpYS9tYW5nYS9jb3Zlci9sYXJnZS9ieDg0MTU1LXV0RHlGWkVYZkZmcC5wbmc,title+author,17543,Angel+Blood,https://cdn.mangabaka.dev/imgproxy/plain/x250@1/aHR0cHM6Ly9zNC5hbmlsaXN0LmNvL2ZpbGUvYW5pbGlzdGNkbi9tZWRpYS9tYW5nYS9jb3Zlci9sYXJnZS9ieDg0MTU1LXV0RHlGWkVYZkZmcC5wbmc,title+author,84155,A+B,https://s4.anilist.co/file/anilistcdn/media/manga/cover/medium/bx84155-utDyFZEXfFfp.png,
MangaFire,https://mangafire.to/manga/immortal-devil-emperorr.nr97m,Immortal Devil Emperor,Island Project,author-conflict,,,,author-conflict,,,,author-conflict,,,,
MangaFire,https://mangafire.to/manga/lucky-strikerr.qk5x3,Lucky Striker,WHYNOTME,author-conflict,,,,author-conflict,,,,author-conflict,,,,
MangaFire,https://mangafire.to/manga/heavens-trapp.rl32m,Heaven's Trap,Tomato Machida,title+author,53881,Heaven's Trap,https://cdn.mangabaka.dev/imgproxy/plain/x250@1/aHR0cHM6Ly9zNC5hbmlsaXN0LmNvL2ZpbGUvYW5pbGlzdGNkbi9tZWRpYS9tYW5nYS9jb3Zlci9tZWRpdW0vYjE1NTk2OS1VelpTdzd4N01HbUYuanBn,title+author,53881,Heaven's Trap,https://cdn.mangabaka.dev/imgproxy/plain/x250@1/aHR0cHM6Ly9zNC5hbmlsaXN0LmNvL2ZpbGUvYW5pbGlzdGNkbi9tZWRpYS9tYW5nYS9jb3Zlci9tZWRpdW0vYjE1NTk2OS1VelpTdzd4N01HbUYuanBn,title+author,155969,Heaven's Trap,https://s4.anilist.co/file/anilistcdn/media/manga/cover/medium/b155969-UzZSw7x7MGmF.jpg,
MangaFire,https://mangafire.to/manga/motto-midara-ni-shitsukemashouu.n1k8,Motto Midara ni Shitsukemashou,Chouko Kabutomaru,title+author,28395,Motto Midara ni Shitsukemashou,https://cdn.mangabaka.dev/imgproxy/plain/x250@1/aHR0cHM6Ly9zNC5hbmlsaXN0LmNvL2ZpbGUvYW5pbGlzdGNkbi9tZWRpYS9tYW5nYS9jb3Zlci9tZWRpdW0vNTgwNC5qcGc,title+author,28395,Motto Midara ni Shitsukemashou,https://cdn.mangabaka.dev/imgproxy/plain/x250@1/aHR0cHM6Ly9zNC5hbmlsaXN0LmNvL2ZpbGUvYW5pbGlzdGNkbi9tZWRpYS9tYW5nYS9jb3Zlci9tZWRpdW0vNTgwNC5qcGc,title+author,35804,Motto Midara ni Shitsukemashou,https://s4.anilist.co/file/anilistcdn/media/manga/cover/medium/5804.jpg,
MangaFire,https://mangafire.to/manga/akutou-danshi-collectionn.3r6pr,Akutou Danshi Collection,Haruko Kurumatani,title+author,28872,Akutou Danshi Collection,https://cdn.mangabaka.dev/imgproxy/plain/x250@1/aHR0cHM6Ly9zNC5hbmlsaXN0LmNvL2ZpbGUvYW5pbGlzdGNkbi9tZWRpYS9tYW5nYS9jb3Zlci9sYXJnZS9ieDM0NTc3LTdEUTBTb3lRNVdBdy5qcGc,title+author,28872,Akutou Danshi Collection,https://cdn.mangabaka.dev/imgproxy/plain/x250@1/aHR0cHM6Ly9zNC5hbmlsaXN0LmNvL2ZpbGUvYW5pbGlzdGNkbi9tZWRpYS9tYW5nYS9jb3Zlci9sYXJnZS9ieDM0NTc3LTdEUTBTb3lRNVdBdy5qcGc,title+author,34577,Akutou Danshi Collection,https://s4.anilist.co/file/anilistcdn/media/manga/cover/medium/bx34577-7DQ0SoyQ5WAw.jpg,
MangaFire,https://mangafire.to/manga/bloomed-in-actionn.qp6n,Bloomed in Action,Etorouji Shiono,title+author,15479,Bloomed in Action,https://cdn.mangabaka.dev/imgproxy/plain/x250@1/aHR0cHM6Ly9zNC5hbmlsaXN0LmNvL2ZpbGUvYW5pbGlzdGNkbi9tZWRpYS9tYW5nYS9jb3Zlci9tZWRpdW0vMzQwMDUuanBn,title+author,15479,Bloomed in Action,https://cdn.mangabaka.dev/imgproxy/plain/x250@1/aHR0cHM6Ly9zNC5hbmlsaXN0LmNvL2ZpbGUvYW5pbGlzdGNkbi9tZWRpYS9tYW5nYS9jb3Zlci9tZWRpdW0vMzQwMDUuanBn,title+author,64005,Bloomed in Action,https://s4.anilist.co/file/anilistcdn/media/manga/cover/medium/34005.jpg,
MangaFire,https://mangafire.to/manga/christmas-shimashoo.80nwq,Christmas Shimasho,Nagisa Odagiri,title+author,20276,Christmas Shimasho,https://cdn.mangabaka.dev/imgproxy/plain/x250@1/aHR0cHM6Ly9zNC5hbmlsaXN0LmNvL2ZpbGUvYW5pbGlzdGNkbi9tZWRpYS9tYW5nYS9jb3Zlci9sYXJnZS9ueDEwNjc0MC0xNUw2TmxxZ25HcGIuanBn,title+author,20276,Christmas Shimasho,https://cdn.mangabaka.dev/imgproxy/plain/x250@1/aHR0cHM6Ly9zNC5hbmlsaXN0LmNvL2ZpbGUvYW5pbGlzdGNkbi9tZWRpYS9tYW5nYS9jb3Zlci9sYXJnZS9ueDEwNjc0MC0xNUw2TmxxZ25HcGIuanBn,title+author,106740,Christmas Shimasho,https://s4.anilist.co/file/anilistcdn/media/manga/cover/medium/nx106740-15L6NlqgnGpb.jpg,
MangaFire,https://mangafire.to/manga/im-living-with-my-mother-in-laww.9286x,I'm Living With My Mother-In-Law!,,title-unique,79481,I’m Living With My Mother-in-Law,https://cdn.mangabaka.dev/imgproxy/plain/x250@1/aHR0cHM6Ly9pbWFnZXMubWFuZ2FiYWthLmRldi85LzYvMy84L2UvZi80L2YvMzlhNy80MTU2LzgxNzgvNjQ1ZTUxYmM0OTY2,title-unique,79481,I’m Living With My Mother-in-Law,https://cdn.mangabaka.dev/imgproxy/plain/x250@1/aHR0cHM6Ly9pbWFnZXMubWFuZ2FiYWthLmRldi85LzYvMy84L2UvZi80L2YvMzlhNy80MTU2LzgxNzgvNjQ1ZTUxYmM0OTY2,title-unique,163444,"Wae Ireoseyo, Sieomeoni?",https://s4.anilist.co/file/anilistcdn/media/manga/cover/medium/bx163444-VUqltyHp7hVS.jpg,
MangaFire,https://mangafire.to/manga/chugui-tonggaoo.l3n2n,Chugui Tonggao,,title-unique,41986,Let's Fall in Love,https://cdn.mangabaka.dev/imgproxy/plain/x250@1/aHR0cHM6Ly9zNC5hbmlsaXN0LmNvL2ZpbGUvYW5pbGlzdGNkbi9tZWRpYS9tYW5nYS9jb3Zlci9tZWRpdW0vYjE0MzQ5MC1zRWxqS3BTdTNZRmguanBn,title-unique,41986,Let's Fall in Love,https://cdn.mangabaka.dev/imgproxy/plain/x250@1/aHR0cHM6Ly9zNC5hbmlsaXN0LmNvL2ZpbGUvYW5pbGlzdGNkbi9tZWRpYS9tYW5nYS9jb3Zlci9tZWRpdW0vYjE0MzQ5MC1zRWxqS3BTdTNZRmguanBn,title-unique,143490,Chugui Tonggao,https://s4.anilist.co/file/anilistcdn/media/manga/cover/medium/b143490-sEljKpSu3YFh.jpg,
MangaFire,https://mangafire.to/manga/keyboard-crusader-of-the-mystical-worldd.jjo38,Keyboard Crusader of the Mystical World,Monk of the Six Illusions,author-conflict,,,,author-conflict,,,,none,,,,
MangaFire,https://mangafire.to/manga/durarara-dj-hatsukoi-wa-kitto-yume-no-nakaa.jpk2y,Durarara!! dj - Hatsukoi wa Kitto Yume no Naka,Yinghua (Sinba),title+author,76568,Durarara!! dj - Hatsukoi wa Kitto Yume no Naka,https://cdn.mangabaka.dev/imgproxy/plain/x250@1/aHR0cHM6Ly9jZG4ubWFuZ2F1cGRhdGVzLmNvbS9pbWFnZS9pMTcwOTg4LmpwZw,title+author,76568,Durarara!! dj - Hatsukoi wa Kitto Yume no Naka,https://cdn.mangabaka.dev/imgproxy/plain/x250@1/aHR0cHM6Ly9jZG4ubWFuZ2F1cGRhdGVzLmNvbS9pbWFnZS9pMTcwOTg4LmpwZw,none,,,,
MangaFire,https://mangafire.to/manga/nemunoki-no-geshukusouu.6049,Nemunoki no Geshukusou,Sumomo Yumeka,title+author,11962,Nemunoki no Geshukusou,https://cdn.mangabaka.dev/imgproxy/plain/x250@1/aHR0cHM6Ly9zNC5hbmlsaXN0LmNvL2ZpbGUvYW5pbGlzdGNkbi9tZWRpYS9tYW5nYS9jb3Zlci9tZWRpdW0vMjUwNC5qcGc,title+author,11962,Nemunoki no Geshukusou,https://cdn.mangabaka.dev/imgproxy/plain/x250@1/aHR0cHM6Ly9zNC5hbmlsaXN0LmNvL2ZpbGUvYW5pbGlzdGNkbi9tZWRpYS9tYW5nYS9jb3Zlci9tZWRpdW0vMjUwNC5qcGc,title+author,32504,Nemunoki no Geshukusou,https://s4.anilist.co/file/anilistcdn/media/manga/cover/medium/2504.jpg,
MangaFire,https://mangafire.to/manga/re-cervinn.80z2v,re CERVIN,Kousuke Hamada,title+author,5158,Re Cervin,https://cdn.mangabaka.dev/imgproxy/plain/x250@1/aHR0cHM6Ly9pbWFnZXMubWFuZ2FiYWthLmRldi83L2YvMy82L2UvMi9mLzgvZTFkOC80ODdhL2E0MWIvYmVmMWVlOTA2MmE3,title+author,5158,Re Cervin,https://cdn.mangabaka.dev/imgproxy/plain/x250@1/aHR0cHM6Ly9pbWFnZXMubWFuZ2FiYWthLmRldi83L2YvMy82L2UvMi9mLzgvZTFkOC80ODdhL2E0MWIvYmVmMWVlOTA2MmE3,title+author,142706,re CERVIN,https://s4.anilist.co/file/anilistcdn/media/manga/cover/medium/bx142706-buhdIV3w6hy7.jpg,
MangaFire,https://mangafire.to/manga/ryuuken-engi-tensei-shin-sangokushi.lrvr6,Ryuuken Engi - Tensei! Shin Sangokushi,Oshiyama Yuichi,title+author,81211,Ryuuken Engi - Tensei! Shin Sangokushi,https://cdn.mangabaka.dev/imgproxy/plain/x250@1/aHR0cHM6Ly9jZG4ubWFuZ2F1cGRhdGVzLmNvbS9pbWFnZS9pNDQ2MTA1LmpwZw,title+author,81211,Ryuuken Engi - Tensei! Shin Sangokushi,https://cdn.mangabaka.dev/imgproxy/plain/x250@1/aHR0cHM6Ly9jZG4ubWFuZ2F1cGRhdGVzLmNvbS9pbWFnZS9pNDQ2MTA1LmpwZw,none,,,,
MangaFire,https://mangafire.to/manga/sweet-iii.y6pp,Sweet II - Embrace Me Until I Break,"Maki Usami, Shin Kawamaru, Miki Aihara, Yukio Kanesada, Kamaro Kikuchi, Aiko Natsume",title+author,15166,Sweet II - Embrace Me Until I Break,https://cdn.mangabaka.dev/imgproxy/plain/x250@1/aHR0cHM6Ly9zNC5hbmlsaXN0LmNvL2ZpbGUvYW5pbGlzdGNkbi9tZWRpYS9tYW5nYS9jb3Zlci9sYXJnZS9ieDM1MzEzLXk0N1oxOHRYSHNHRS5qcGc,title+author,15166,Sweet II - Embrace Me Until I Break,https://cdn.mangabaka.dev/imgproxy/plain/x250@1/aHR0cHM6Ly9zNC5hbmlsaXN0LmNvL2ZpbGUvYW5pbGlzdGNkbi9tZWRpYS9tYW5nYS9jb3Zlci9sYXJnZS9ieDM1MzEzLXk0N1oxOHRYSHNHRS5qcGc,title+author,35313,SWEET 2: Kowareruhodo Dakishimete,https://s4.anilist.co/file/anilistcdn/media/manga/cover/medium/bx35313-y47Z18tXHsGE.jpg,
MangaFire,https://mangafire.to/manga/the-girl-who-talks-too-muchh.lrk3q,The Girl Who Talks Too Much (Colored),Juukyuu,title+author,74312,Shaberi Sugita Onnanoko,https://cdn.mangabaka.dev/imgproxy/plain/x250@1/aHR0cHM6Ly9jZG4ubWFuZ2F1cGRhdGVzLmNvbS9pbWFnZS9pNDU0MjkzLnBuZw,title+author,74312,Shaberi Sugita Onnanoko,https://cdn.mangabaka.dev/imgproxy/plain/x250@1/aHR0cHM6Ly9jZG4ubWFuZ2F1cGRhdGVzLmNvbS9pbWFnZS9pNDU0MjkzLnBuZw,none,,,,
MangaFire,https://mangafire.to/manga/mahouka-koukou-no-rettousei-raihousha-henn.qxz45,The Irregular At Magic High School: Visitor Arc,"Majiko!, Tsutomu Satou",title+author,23223,The Irregular At Magic High School: Visitor Arc,https://cdn.mangabaka.dev/imgproxy/plain/x250@1/aHR0cHM6Ly9pbWFnZXMubWFuZ2FiYWthLmRldi9iLzEvZS80LzcvNS9iLzAvODEzYi80ZjZkL2FmZmEvYTY0NWIyODM2OGNm,title+author,23223,The Irregular At Magic High School: Visitor Arc,https://cdn.mangabaka.dev/imgproxy/plain/x250@1/aHR0cHM6Ly9pbWFnZXMubWFuZ2FiYWthLmRldi9iLzEvZS80LzcvNS9iLzAvODEzYi80ZjZkL2FmZmEvYTY0NWIyODM2OGNm,title+author,98912,Mahouka Koukou no Rettousei: Raihousha-hen,https://s4.anilist.co/file/anilistcdn/media/manga/cover/medium/98912-giXIeF40VXho.jpg,
MangaFire,https://mangafire.to/manga/kennel-tokorozawaa.vplv,Kennel Tokorozawa,Maki Ootsubo,title+author,42356,Kennel Tokorozawa,https://cdn.mangabaka.dev/imgproxy/plain/x250@1/aHR0cHM6Ly9zNC5hbmlsaXN0LmNvL2ZpbGUvYW5pbGlzdGNkbi9tZWRpYS9tYW5nYS9jb3Zlci9sYXJnZS9ieDEyNDk3Ny1CV3kyZ3IyZmZlZzEuanBn,title+author,42356,Kennel Tokorozawa,https://cdn.mangabaka.dev/imgproxy/plain/x250@1/aHR0cHM6Ly9zNC5hbmlsaXN0LmNvL2ZpbGUvYW5pbGlzdGNkbi9tZWRpYS9tYW5nYS9jb3Zlci9sYXJnZS9ieDEyNDk3Ny1CV3kyZ3IyZmZlZzEuanBn,title+author,124977,Kennel Tokorozawa,https://s4.anilist.co/file/anilistcdn/media/manga/cover/medium/bx124977-BWy2gr2ffeg1.jpg,
MangaFire,https://mangafire.to/manga/chisa-x-ponn.3przy,Chisa x Pon,Junko Nakano,title+author,24471,Chisa x Pon,https://cdn.mangabaka.dev/imgproxy/plain/x250@1/aHR0cHM6Ly9zNC5hbmlsaXN0LmNvL2ZpbGUvYW5pbGlzdGNkbi9tZWRpYS9tYW5nYS9jb3Zlci9tZWRpdW0vNDEwOC5qcGc,title+author,24471,Chisa x Pon,https://cdn.mangabaka.dev/imgproxy/plain/x250@1/aHR0cHM6Ly9zNC5hbmlsaXN0LmNvL2ZpbGUvYW5pbGlzdGNkbi9tZWRpYS9tYW5nYS9jb3Zlci9tZWRpdW0vNDEwOC5qcGc,title+author,34108,Chisa x Pon,https://s4.anilist.co/file/anilistcdn/media/manga/cover/medium/4108.jpg,
MangaFire,https://mangafire.to/manga/hate-no-shoutsuushinn.8njjo,Correspondence from the End of the Universe,Menota,title+author,59527,Correspondence from the End of the Universe,https://cdn.mangabaka.dev/imgproxy/plain/x250@1/aHR0cHM6Ly9pbWFnZXMubWFuZ2FiYWthLmRldi85LzcvYi80L2YvZC8wLzgvMTdjZi80MTVhLzg0OGUvMDc0ZjNlZmNkZmM2,title+author,59527,Correspondence from the End of the Universe,https://cdn.mangabaka.dev/imgproxy/plain/x250@1/aHR0cHM6Ly9pbWFnZXMubWFuZ2FiYWthLmRldi85LzcvYi80L2YvZC8wLzgvMTdjZi80MTVhLzg0OGUvMDc0ZjNlZmNkZmM2,title+author,123033,Hate no Shoutsuushin,https://s4.anilist.co/file/anilistcdn/media/manga/cover/medium/bx123033-uzmtzPC1B3k5.jpg,
MangaFire,https://mangafire.to/manga/kindaichi-shonen-no-jikenbo-case-seriess.ykqq0,Kindaichi Shonen no Jikenbo - Case Series,"Shin Kibayashi, Youzaburou Kanari, Fumiya Satou",title+author,27295,Kindaichi Shounen no Jikenbo: Case Series,https://cdn.mangabaka.dev/imgproxy/plain/x250@1/aHR0cHM6Ly9zNC5hbmlsaXN0LmNvL2ZpbGUvYW5pbGlzdGNkbi9tZWRpYS9tYW5nYS9jb3Zlci9tZWRpdW0vYjQ3MTQ5LWJVd1dOUHZXaXpFUS5qcGc,title+author,27295,Kindaichi Shounen no Jikenbo: Case Series,https://cdn.mangabaka.dev/imgproxy/plain/x250@1/aHR0cHM6Ly9zNC5hbmlsaXN0LmNvL2ZpbGUvYW5pbGlzdGNkbi9tZWRpYS9tYW5nYS9jb3Zlci9tZWRpdW0vYjQ3MTQ5LWJVd1dOUHZXaXpFUS5qcGc,none,,,,
MangaFire,https://mangafire.to/manga/they-were-elevenn.n3458,They Were 11!,Moto Hagio,title+author,31289,They Were 11!,https://cdn.mangabaka.dev/imgproxy/plain/x250@1/aHR0cHM6Ly9zNC5hbmlsaXN0LmNvL2ZpbGUvYW5pbGlzdGNkbi9tZWRpYS9tYW5nYS9jb3Zlci9sYXJnZS9ieDQ4NzUyLWRVeHU5NG9URmR5Sy5qcGc,title+author,31289,They Were 11!,https://cdn.mangabaka.dev/imgproxy/plain/x250@1/aHR0cHM6Ly9zNC5hbmlsaXN0LmNvL2ZpbGUvYW5pbGlzdGNkbi9tZWRpYS9tYW5nYS9jb3Zlci9sYXJnZS9ieDQ4NzUyLWRVeHU5NG9URmR5Sy5qcGc,title+author,48752,11-nin Iru!,https://s4.anilist.co/file/anilistcdn/media/manga/cover/medium/bx48752-dUxu94oTFdyK.jpg,
MangaFire,https://mangafire.to/manga/hikaru-to-hikaruu.w5mx4,Hikaru to Hikaru,"Shigemitsu Harada, Hachi Sendou",title+author,6312,Hikaru to Hikaru,https://cdn.mangabaka.dev/imgproxy/plain/x250@1/aHR0cHM6Ly9zNC5hbmlsaXN0LmNvL2ZpbGUvYW5pbGlzdGNkbi9tZWRpYS9tYW5nYS9jb3Zlci9sYXJnZS9ieDE2MjcwNC12OVRwZHZmMDNQenYuanBn,title+author,6312,Hikaru to Hikaru,https://cdn.mangabaka.dev/imgproxy/plain/x250@1/aHR0cHM6Ly9zNC5hbmlsaXN0LmNvL2ZpbGUvYW5pbGlzdGNkbi9tZWRpYS9tYW5nYS9jb3Zlci9sYXJnZS9ieDE2MjcwNC12OVRwZHZmMDNQenYuanBn,title+author,162704,Hikaru to Hikaru,https://s4.anilist.co/file/anilistcdn/media/manga/cover/medium/bx162704-v9Tpdvf03Pzv.jpg,
MangaFire,https://mangafire.to/manga/freezing-first-chroniclee.zx12,Freezing: First Chronicle,"Dal Young Im, Jae Ho Yoon",title+author,11289,Freezing: First Chronicle,https://cdn.mangabaka.dev/imgproxy/plain/x250@1/aHR0cHM6Ly9pbWFnZXMubWFuZ2FiYWthLmRldi82L2MvYy9hL2UvNS8wLzQvZjdiZS80YTExLzhhNjcvNTA0NTE0YzI2ZDRh,title+author,11289,Freezing: First Chronicle,https://cdn.mangabaka.dev/imgproxy/plain/x250@1/aHR0cHM6Ly9pbWFnZXMubWFuZ2FiYWthLmRldi82L2MvYy9hL2UvNS8wLzQvZjdiZS80YTExLzhhNjcvNTA0NTE0YzI2ZDRh,title+author,60125,Freezing: First Chronicle,https://s4.anilist.co/file/anilistcdn/media/manga/cover/medium/bx60125-AmLf8rOKbuXy.jpg,
MangaFire,https://mangafire.to/manga/teen-spiritt.o48,Teen Spirit,Jea-Eun Kim,title+author,10030,Teen Spirit,https://cdn.mangabaka.dev/imgproxy/plain/x250@1/aHR0cHM6Ly9zNC5hbmlsaXN0LmNvL2ZpbGUvYW5pbGlzdGNkbi9tZWRpYS9tYW5nYS9jb3Zlci9tZWRpdW0vMTc4NTEuanBn,title+author,10030,Teen Spirit,https://cdn.mangabaka.dev/imgproxy/plain/x250@1/aHR0cHM6Ly9zNC5hbmlsaXN0LmNvL2ZpbGUvYW5pbGlzdGNkbi9tZWRpYS9tYW5nYS9jb3Zlci9tZWRpdW0vMTc4NTEuanBn,title+author,47851,Teen Spirit,https://s4.anilist.co/file/anilistcdn/media/manga/cover/medium/17851.jpg,
MangaFire,https://mangafire.to/manga/open-the-door-imjjadall.2plv0,Open the Door (Imjjadal),"Imjjadal, Mihoiihuhu",title+author,116981,Open the Door,https://cdn.mangabaka.dev/imgproxy/plain/x250@1/aHR0cHM6Ly9pbWFnZXMubWFuZ2FiYWthLmRldi85LzIvYi85L2EvMS9iLzUvYTExYy80OTBmLzk3MGEvZGYxOTY1OTY5Zjcx,title+author,116981,Open the Door,https://cdn.mangabaka.dev/imgproxy/plain/x250@1/aHR0cHM6Ly9pbWFnZXMubWFuZ2FiYWthLmRldi85LzIvYi85L2EvMS9iLzUvYTExYy80OTBmLzk3MGEvZGYxOTY1OTY5Zjcx,title+author,189216,Open the Door,https://s4.anilist.co/file/anilistcdn/media/manga/cover/medium/bx189216-8Nlxrgey0aLm.jpg,
MangaFire,https://mangafire.to/manga/rakuen-routee.zqn3,Rakuen Route,An Tsukimiya,title+author,13811,Rakuen Route,https://cdn.mangabaka.dev/imgproxy/plain/x250@1/aHR0cHM6Ly9zNC5hbmlsaXN0LmNvL2ZpbGUvYW5pbGlzdGNkbi9tZWRpYS9tYW5nYS9jb3Zlci9sYXJnZS9ieDM3MTMyLVdxNVI1N1ZzTzVIUy5wbmc,title+author,13811,Rakuen Route,https://cdn.mangabaka.dev/imgproxy/plain/x250@1/aHR0cHM6Ly9zNC5hbmlsaXN0LmNvL2ZpbGUvYW5pbGlzdGNkbi9tZWRpYS9tYW5nYS9jb3Zlci9sYXJnZS9ieDM3MTMyLVdxNVI1N1ZzTzVIUy5wbmc,title+author,37132,Rakuen Route,https://s4.anilist.co/file/anilistcdn/media/manga/cover/medium/bx37132-Wq5R57VsO5HS.png,
MangaFire,https://mangafire.to/manga/sophia-no-enkann.n301j,Sophia's Torus,Rei Yamada,title+author,39123,Sophia's Torus,https://cdn.mangabaka.dev/imgproxy/plain/x250@1/aHR0cHM6Ly9zNC5hbmlsaXN0LmNvL2ZpbGUvYW5pbGlzdGNkbi9tZWRpYS9tYW5nYS9jb3Zlci9sYXJnZS9ieDEzODc5MS11bUlJdzFjb1BsY2cuanBn,title+author,39123,Sophia's Torus,https://cdn.mangabaka.dev/imgproxy/plain/x250@1/aHR0cHM6Ly9zNC5hbmlsaXN0LmNvL2ZpbGUvYW5pbGlzdGNkbi9tZWRpYS9tYW5nYS9jb3Zlci9sYXJnZS9ieDEzODc5MS11bUlJdzFjb1BsY2cuanBn,title+author,138791,Sophia no Enkan,https://s4.anilist.co/file/anilistcdn/media/manga/cover/medium/bx138791-umIIw1coPlcg.jpg,
MangaFire,https://mangafire.to/manga/kore-wa-ai-de-koi-ja-naii.qxz9j,"This is LOVE, but NOT love",Marina Umezawa,title+author,40979,"This is LOVE, but NOT love",https://cdn.mangabaka.dev/imgproxy/plain/x250@1/aHR0cHM6Ly9zNC5hbmlsaXN0LmNvL2ZpbGUvYW5pbGlzdGNkbi9tZWRpYS9tYW5nYS9jb3Zlci9sYXJnZS9ieDExMTUxMy1QYWk4ZUJ1WGkweTIuanBn,title+author,40979,"This is LOVE, but NOT love",https://cdn.mangabaka.dev/imgproxy/plain/x250@1/aHR0cHM6Ly9zNC5hbmlsaXN0LmNvL2ZpbGUvYW5pbGlzdGNkbi9tZWRpYS9tYW5nYS9jb3Zlci9sYXJnZS9ieDExMTUxMy1QYWk4ZUJ1WGkweTIuanBn,none,,,,
MangaFire,https://mangafire.to/manga/isekai-yakkyokuu.xrw1q,Parallel World Pharmacy,"Sei Takano, Liz Takayama",title+author,1266,Parallel World Pharmacy,https://cdn.mangabaka.dev/imgproxy/plain/x250@1/aHR0cHM6Ly9pbWFnZXMubWFuZ2FiYWthLmRldi85LzIvYi85LzUvYy8wLzUvMTM2My80MGE5L2EzYmEvNzNkMGE2ZDdlNDkx,title+author,1266,Parallel World Pharmacy,https://cdn.mangabaka.dev/imgproxy/plain/x250@1/aHR0cHM6Ly9pbWFnZXMubWFuZ2FiYWthLmRldi85LzIvYi85LzUvYy8wLzUvMTM2My80MGE5L2EzYmEvNzNkMGE2ZDdlNDkx,title+author,99024,Isekai Yakkyoku,https://s4.anilist.co/file/anilistcdn/media/manga/cover/medium/bx99024-2510GaSvmyXK.jpg,
MangaFire,https://mangafire.to/manga/chirijiri-yuku-noo.905x0,Chirijiri Yuku no,Mayuharu,title+author,7208,Bursting with Love,https://cdn.mangabaka.dev/imgproxy/plain/x250@1/aHR0cHM6Ly9zNC5hbmlsaXN0LmNvL2ZpbGUvYW5pbGlzdGNkbi9tZWRpYS9tYW5nYS9jb3Zlci9sYXJnZS9ieDE4MTQ3NS0zWTFYOXRrdGpoQzMuanBn,title+author,7208,Bursting with Love,https://cdn.mangabaka.dev/imgproxy/plain/x250@1/aHR0cHM6Ly9zNC5hbmlsaXN0LmNvL2ZpbGUvYW5pbGlzdGNkbi9tZWRpYS9tYW5nYS9jb3Zlci9sYXJnZS9ieDE4MTQ3NS0zWTFYOXRrdGpoQzMuanBn,title+author,181475,Chirijiri Yuku no,https://s4.anilist.co/file/anilistcdn/media/manga/cover/medium/bx181475-3Y1X9tktjhC3.jpg,
MangaFire,https://mangafire.to/manga/watashi-idol-sengenn.6l8op,I'm an Idol,"Mogelatte, HoneyWorks",title+author,37520,I'm an Idol,https://cdn.mangabaka.dev/imgproxy/plain/x250@1/aHR0cHM6Ly9pbWFnZXMubWFuZ2FiYWthLmRldi9kLzEvZS8zL2EvMC85LzUvODk1Zi80NTc0L2ExYmYvNmEzNzUyZWZiZTM2,title+author,37520,I'm an Idol,https://cdn.mangabaka.dev/imgproxy/plain/x250@1/aHR0cHM6Ly9pbWFnZXMubWFuZ2FiYWthLmRldi9kLzEvZS8zL2EvMC85LzUvODk1Zi80NTc0L2ExYmYvNmEzNzUyZWZiZTM2,author-conflict,,,,
MangaFire,https://mangafire.to/manga/tiger-maskk.rwlo,Tiger Mask,"Ikki Kajiwara, Naoki Tsuji",title+author,11280,Tiger Mask,https://cdn.mangabaka.dev/imgproxy/plain/x250@1/aHR0cHM6Ly9zNC5hbmlsaXN0LmNvL2ZpbGUvYW5pbGlzdGNkbi9tZWRpYS9tYW5nYS9jb3Zlci9sYXJnZS9ieDYwNTc1LWZtZ3lrVFE4em5yby5wbmc,title+author,11280,Tiger Mask,https://cdn.mangabaka.dev/imgproxy/plain/x250@1/aHR0cHM6Ly9zNC5hbmlsaXN0LmNvL2ZpbGUvYW5pbGlzdGNkbi9tZWRpYS9tYW5nYS9jb3Zlci9sYXJnZS9ieDYwNTc1LWZtZ3lrVFE4em5yby5wbmc,title+author,60575,Tiger Mask,https://s4.anilist.co/file/anilistcdn/media/manga/cover/medium/bx60575-fmgykTQ8znro.png,
MangaFire,https://mangafire.to/manga/tian-tong-li-ze-shangg.nrlqk,Tian Tong Li Ze Shang (Colored),,title-unique,50369,Heaven's Sympathy: Reborn,https://cdn.mangabaka.dev/imgproxy/plain/x250@1/aHR0cHM6Ly9hcC1wcm94eS5tYW5nYWJha2EuZGV2L3Byb3h5LnBocD91cmw9aHR0cHM6Ly9jZG4uYW5pbWUtcGxhbmV0LmNvbS9tYW5nYS9wcmltYXJ5L2hlYXZlbnMtc3ltcGF0aHktcmVib3JuLTEud2VicD90PTE2NDk1MzY5MDY,title-unique,50369,Heaven's Sympathy: Reborn,https://cdn.mangabaka.dev/imgproxy/plain/x250@1/aHR0cHM6Ly9hcC1wcm94eS5tYW5nYWJha2EuZGV2L3Byb3h5LnBocD91cmw9aHR0cHM6Ly9jZG4uYW5pbWUtcGxhbmV0LmNvbS9tYW5nYS9wcmltYXJ5L2hlYXZlbnMtc3ltcGF0aHktcmVib3JuLTEud2VicD90PTE2NDk1MzY5MDY,none,,,,
MangaFire,https://mangafire.to/manga/isekai-de-cheat-skill-wo-te-ni-shita-ore-wa-genjitsu-sekai-wo-mo-musou-suru-level-up-wa-jinsei-wo-kaetaa.n3k5m,"I Got a Cheat Skill in Another World and Became Unrivaled in The Real World, Too","Kazuomi Minatogawa, Miku",title+author,858,"I Got a Cheat Skill in Another World and Became Unrivaled in the Real World, Too",https://cdn.mangabaka.dev/imgproxy/plain/x250@1/aHR0cHM6Ly9pbWFnZXMubWFuZ2FiYWthLmRldi9mLzMvMS81LzAvZC9jLzMvNGMxOS80OWUzLzg0ZjcvZTQyYjFkNmM0M2Rj,title+author,858,"I Got a Cheat Skill in Another World and Became Unrivaled in the Real World, Too",https://cdn.mangabaka.dev/imgproxy/plain/x250@1/aHR0cHM6Ly9pbWFnZXMubWFuZ2FiYWthLmRldi9mLzMvMS81LzAvZC9jLzMvNGMxOS80OWUzLzg0ZjcvZTQyYjFkNmM0M2Rj,title+author,116062,"Isekai de Cheat Skill wo Te ni Shita Ore wa, Genjitsu Sekai wo mo Musou Suru: Level Up wa Jinsei wo Kaeta",https://s4.anilist.co/file/anilistcdn/media/manga/cover/medium/bx116062-BaBGpL8L442m.jpg,
MangaFire,https://mangafire.to/manga/yume-no-tsudzukii.5kp40,Yume no Tsudzuki,avogado6,title+author,34250,Neverending Dream,https://cdn.mangabaka.dev/imgproxy/plain/x250@1/aHR0cHM6Ly9zNC5hbmlsaXN0LmNvL2ZpbGUvYW5pbGlzdGNkbi9tZWRpYS9tYW5nYS9jb3Zlci9sYXJnZS9ieDEwOTg5Mi1BdWF1S1pKek1mU2EuanBn,title+author,34250,Neverending Dream,https://cdn.mangabaka.dev/imgproxy/plain/x250@1/aHR0cHM6Ly9zNC5hbmlsaXN0LmNvL2ZpbGUvYW5pbGlzdGNkbi9tZWRpYS9tYW5nYS9jb3Zlci9sYXJnZS9ieDEwOTg5Mi1BdWF1S1pKek1mU2EuanBn,title+author,109892,Yume no Tsuzuki,https://s4.anilist.co/file/anilistcdn/media/manga/cover/medium/bx109892-AuauKZJzMfSa.jpg,
MangaFire,https://mangafire.to/manga/aisare-tenshi-na-classmate-ga-ore-ni-dake-itazura-ni-hohoemuu.k3p96,"Aisare Tenshi na Classmate ga, Ore ni Dake Itazura ni Hohoemu","Fumio Nahari, Takafumi Mizuguchi, Tantan",title+author,2655,The Classmate Who Is Adored by Everyone Smiles Teasingly Only at Me,https://cdn.mangabaka.dev/imgproxy/plain/x250@1/aHR0cHM6Ly9pbWFnZXMubWFuZ2FiYWthLmRldi9iLzgvOC9hLzIvNC82LzEvZTE0NC80MjE2L2EzMjMvYmMxNzQyMjQ2NzFi,title+author,2655,The Classmate Who Is Adored by Everyone Smiles Teasingly Only at Me,https://cdn.mangabaka.dev/imgproxy/plain/x250@1/aHR0cHM6Ly9pbWFnZXMubWFuZ2FiYWthLmRldi9iLzgvOC9hLzIvNC82LzEvZTE0NC80MjE2L2EzMjMvYmMxNzQyMjQ2NzFi,title+author,178087,"Aisare Tenshi na Classmate ga, Ore ni Dake Itazura ni Hohoemu",https://s4.anilist.co/file/anilistcdn/media/manga/cover/medium/bx178087-wykQiWdNqOMx.jpg,
MangaFire,https://mangafire.to/manga/an-open-secrett.rjkny,An Open Secret,작품정보,author-conflict,,,,author-conflict,,,,author-conflict,,,,
MangaFire,https://mangafire.to/manga/guinea-pig-wa-ori-no-soto-no-yume-o-minaii.npl8l,Guinea Pig wa Ori no Soto no Yume o Minai,Rihara,title+author,168885,Guinea Pig Don't Dream of Outside the Prison.,https://cdn.mangabaka.dev/imgproxy/plain/x250@1/aHR0cHM6Ly9zNC5hbmlsaXN0LmNvL2ZpbGUvYW5pbGlzdGNkbi9tZWRpYS9tYW5nYS9jb3Zlci9sYXJnZS9ieDE4MzY3MS1KQ1liRGcyT2lOUDEuanBn,title+author,168885,Guinea Pig Don't Dream of Outside the Prison.,https://cdn.mangabaka.dev/imgproxy/plain/x250@1/aHR0cHM6Ly9zNC5hbmlsaXN0LmNvL2ZpbGUvYW5pbGlzdGNkbi9tZWRpYS9tYW5nYS9jb3Zlci9sYXJnZS9ieDE4MzY3MS1KQ1liRGcyT2lOUDEuanBn,title+author,183671,Guinea Pig wa Ori no Soto no Yume wo Minai,https://s4.anilist.co/file/anilistcdn/media/manga/cover/medium/bx183671-JCYbDg2OiNP1.jpg,
MangaFire,https://mangafire.to/manga/hiyama-kentarou-no-ninshin-ikuji-henn.rj7xo,Hiyama Kentarou no Ninshin Ikuji-hen,SAKAI Eri,title+author,54831,Kentaro Hiyama's First Pregnancy,https://cdn.mangabaka.dev/imgproxy/plain/x250@1/aHR0cHM6Ly9zNC5hbmlsaXN0LmNvL2ZpbGUvYW5pbGlzdGNkbi9tZWRpYS9tYW5nYS9jb3Zlci9tZWRpdW0vYjE3MDEwMi13TDNyb2s3TmduaEkuanBn,title+author,54831,Kentaro Hiyama's First Pregnancy,https://cdn.mangabaka.dev/imgproxy/plain/x250@1/aHR0cHM6Ly9zNC5hbmlsaXN0LmNvL2ZpbGUvYW5pbGlzdGNkbi9tZWRpYS9tYW5nYS9jb3Zlci9tZWRpdW0vYjE3MDEwMi13TDNyb2s3TmduaEkuanBn,title+author,170102,Hiyama Kentarou no Ninshin: Ikuji Hen,https://s4.anilist.co/file/anilistcdn/media/manga/cover/medium/b170102-wL3rok7NgnhI.jpg,
MangaFire,https://mangafire.to/manga/pure-love-in-roppongii.l32o6,Pure Love in Roppongi,Ougi Yuzuha,title+author,45982,Pure Love in Roppongi,https://cdn.mangabaka.dev/imgproxy/plain/x250@1/aHR0cHM6Ly9zNC5hbmlsaXN0LmNvL2ZpbGUvYW5pbGlzdGNkbi9tZWRpYS9tYW5nYS9jb3Zlci9tZWRpdW0vMjMzNy5qcGc,title+author,45982,Pure Love in Roppongi,https://cdn.mangabaka.dev/imgproxy/plain/x250@1/aHR0cHM6Ly9zNC5hbmlsaXN0LmNvL2ZpbGUvYW5pbGlzdGNkbi9tZWRpYS9tYW5nYS9jb3Zlci9tZWRpdW0vMjMzNy5qcGc,title+author,32337,Pure Love in Roppongi,https://s4.anilist.co/file/anilistcdn/media/manga/cover/medium/2337.jpg,
MangaFire,https://mangafire.to/manga/kurasu-no-inkya-busu-jitsu-wa-chou-bijin-cosplayer-datta-minna-shirazu-ni-baka-ni-shiterukedoo.jm18,Kurasu no Inkya Busu? Jitsu wa Chou Bijin Cosplayer Datta. Minna Shirazu ni Baka ni Shiterukedo,,title-unique,54897,Class no Inkya Busu? ...Jitsu wa Chou Bijin Cosplayer Datta. Minna Shirazu ni Baka ni Shiteru kedo.,https://cdn.mangabaka.dev/imgproxy/plain/x250@1/aHR0cHM6Ly9pbWFnZXMubWFuZ2FiYWthLmRldi8wLzAvOS83LzgvNC82L2MvNmJhOS80MTJkL2FmYTcvMGY1ZWUxYWI5OGY4,title-unique,54897,Class no Inkya Busu? ...Jitsu wa Chou Bijin Cosplayer Datta. Minna Shirazu ni Baka ni Shiteru kedo.,https://cdn.mangabaka.dev/imgproxy/plain/x250@1/aHR0cHM6Ly9pbWFnZXMubWFuZ2FiYWthLmRldi8wLzAvOS83LzgvNC82L2MvNmJhOS80MTJkL2FmYTcvMGY1ZWUxYWI5OGY4,none,,,,
MangaFire,https://mangafire.to/manga/yu-yuru-shikkoubuu.k08v,Yu-Yuru Executive Office,bomi,title+author,15205,Yu-Yuru Executive Office,https://cdn.mangabaka.dev/imgproxy/plain/x250@1/aHR0cHM6Ly9zNC5hbmlsaXN0LmNvL2ZpbGUvYW5pbGlzdGNkbi9tZWRpYS9tYW5nYS9jb3Zlci9tZWRpdW0vMTY5MjEuanBn,title+author,15205,Yu-Yuru Executive Office,https://cdn.mangabaka.dev/imgproxy/plain/x250@1/aHR0cHM6Ly9zNC5hbmlsaXN0LmNvL2ZpbGUvYW5pbGlzdGNkbi9tZWRpYS9tYW5nYS9jb3Zlci9tZWRpdW0vMTY5MjEuanBn,title+author,46921,Yu-yuru Shikkoubu,https://s4.anilist.co/file/anilistcdn/media/manga/cover/medium/16921.jpg,
MangaFire,https://mangafire.to/manga/savor-the-tastee.42rqk,Savor the Taste,"Ryuran, MANN",title+author,54762,Savor the Taste,https://cdn.mangabaka.dev/imgproxy/plain/x250@1/aHR0cHM6Ly9zNC5hbmlsaXN0LmNvL2ZpbGUvYW5pbGlzdGNkbi9tZWRpYS9tYW5nYS9jb3Zlci9sYXJnZS9ieDE1MjQyNy1xUEZvcXNzWm8zbHEuanBn,title+author,54762,Savor the Taste,https://cdn.mangabaka.dev/imgproxy/plain/x250@1/aHR0cHM6Ly9zNC5hbmlsaXN0LmNvL2ZpbGUvYW5pbGlzdGNkbi9tZWRpYS9tYW5nYS9jb3Zlci9sYXJnZS9ieDE1MjQyNy1xUEZvcXNzWm8zbHEuanBn,title+author,152427,Matbon Gime Kkulkkeong!,https://s4.anilist.co/file/anilistcdn/media/manga/cover/medium/bx152427-qPFoqssZo3lq.jpg,
MangaFire,https://mangafire.to/manga/sayonara-piano-sonataa.zvl,Sayonara Piano Sonata,"Aka Akasaka, Hikaru Sugii",title+author,9656,Sayonara Piano Sonata,https://cdn.mangabaka.dev/imgproxy/plain/x250@1/aHR0cHM6Ly9zNC5hbmlsaXN0LmNvL2ZpbGUvYW5pbGlzdGNkbi9tZWRpYS9tYW5nYS9jb3Zlci9sYXJnZS9ieDU1NjA0LWxEbXdRYWFWbzdRay5qcGc,title+author,9656,Sayonara Piano Sonata,https://cdn.mangabaka.dev/imgproxy/plain/x250@1/aHR0cHM6Ly9zNC5hbmlsaXN0LmNvL2ZpbGUvYW5pbGlzdGNkbi9tZWRpYS9tYW5nYS9jb3Zlci9sYXJnZS9ieDU1NjA0LWxEbXdRYWFWbzdRay5qcGc,title+author,55604,Sayonara Piano Sonata,https://s4.anilist.co/file/anilistcdn/media/manga/cover/medium/bx55604-lDmwQaaVo7Qk.jpg,
MangaFire,https://mangafire.to/manga/kiss-me-host-gumii.9zwm,Kiss Me Host-Gumi,Nachi Yuki,title+author,13978,Kiss Me Host-Gumi,https://cdn.mangabaka.dev/imgproxy/plain/x250@1/aHR0cHM6Ly9zNC5hbmlsaXN0LmNvL2ZpbGUvYW5pbGlzdGNkbi9tZWRpYS9tYW5nYS9jb3Zlci9sYXJnZS9ieDQ3MTg0LUtRazBuMjVNMm40YS5qcGc,title+author,13978,Kiss Me Host-Gumi,https://cdn.mangabaka.dev/imgproxy/plain/x250@1/aHR0cHM6Ly9zNC5hbmlsaXN0LmNvL2ZpbGUvYW5pbGlzdGNkbi9tZWRpYS9tYW5nYS9jb3Zlci9sYXJnZS9ieDQ3MTg0LUtRazBuMjVNMm40YS5qcGc,title+author,47184,Kiss Me Host-Gumi,https://s4.anilist.co/file/anilistcdn/media/manga/cover/medium/bx47184-KQk0n25M2n4a.jpg,
MangaFire,https://mangafire.to/manga/ichizu-bitch-chann.yk781,Ichizu Bitch Chan,Ironon,title+author,48207,Ichizu Bitch-chan,https://cdn.mangabaka.dev/imgproxy/plain/x250@1/aHR0cHM6Ly9pbWFnZXMubWFuZ2FiYWthLmRldi85L2MvNi81LzgvMy8yLzMvNGU5YS80ZTQwLzg0OWUvNTZlMDc5ZDUyYzk2,title+author,48207,Ichizu Bitch-chan,https://cdn.mangabaka.dev/imgproxy/plain/x250@1/aHR0cHM6Ly9pbWFnZXMubWFuZ2FiYWthLmRldi85L2MvNi81LzgvMy8yLzMvNGU5YS80ZTQwLzg0OWUvNTZlMDc5ZDUyYzk2,title+author,119121,Ichizu Bitch-chan,https://s4.anilist.co/file/anilistcdn/media/manga/cover/medium/bx119121-5WMb5hToU22L.jpg,
MangaFire,https://mangafire.to/manga/jiu-ri-yu-longg.qnnz3,Dragon Master of the Olden Days,天空树漫工厂,author-conflict,,,,author-conflict,,,,author-conflict,,,,
AsuraScans,https://asurascans.com/comics/golden-mage,Golden Mage,Kim Hyun-woo,title+author,67763,Golden Mage,https://cdn.mangabaka.dev/imgproxy/plain/x250@1/aHR0cHM6Ly9pbWFnZXMubWFuZ2FiYWthLmRldi85LzQvMy81LzAvZi83L2IvOGExNC80MDU5L2JkODIvYWEwZjllNmRhMzhm,title+author,67763,Golden Mage,https://cdn.mangabaka.dev/imgproxy/plain/x250@1/aHR0cHM6Ly9pbWFnZXMubWFuZ2FiYWthLmRldi85LzQvMy81LzAvZi83L2IvOGExNC80MDU5L2JkODIvYWEwZjllNmRhMzhm,title+author,169599,Golden Mage,https://s4.anilist.co/file/anilistcdn/media/manga/cover/medium/bx169599-FhK0JpxLbrj0.jpg,
AsuraScans,https://asurascans.com/comics/childhood-friend-of-the-zenith,Childhood Friend of the Zenith,Dubu (i),title+author,7834,Shadow of the Supreme,https://cdn.mangabaka.dev/imgproxy/plain/x250@1/aHR0cHM6Ly9pbWFnZXMubWFuZ2FiYWthLmRldi8zLzIvOS9mLzkvNy9mL2EvOTJmOS80YWFhL2FkNjEvMDc1ZTM2ZGY0ODMy,title+author,7834,Shadow of the Supreme,https://cdn.mangabaka.dev/imgproxy/plain/x250@1/aHR0cHM6Ly9pbWFnZXMubWFuZ2FiYWthLmRldi8zLzIvOS9mLzkvNy9mL2EvOTJmOS80YWFhL2FkNjEvMDc1ZTM2ZGY0ODMy,title+author,180890,Cheonhajeirinui Sokkupchingu,https://s4.anilist.co/file/anilistcdn/media/manga/cover/medium/bx180890-GRVR4m4ImzQN.jpg,
AsuraScans,https://asurascans.com/comics/the-heavenly-demon-wants-a-quiet-life,The Heavenly Demon Wants a Quiet Life,Gijema,title+author,88133,The Heavenly Demon Wants a Quiet Life,https://cdn.mangabaka.dev/imgproxy/plain/x250@1/aHR0cHM6Ly9pbWFnZXMubWFuZ2FiYWthLmRldi9jLzIvZS9jLzUvZS85L2MvM2I1Ny80Y2E0L2JkMmMvY2YzOTE3N2FmNWFi,title+author,88133,The Heavenly Demon Wants a Quiet Life,https://cdn.mangabaka.dev/imgproxy/plain/x250@1/aHR0cHM6Ly9pbWFnZXMubWFuZ2FiYWthLmRldi9jLzIvZS9jLzUvZS85L2MvM2I1Ny80Y2E0L2JkMmMvY2YzOTE3N2FmNWFi,title+author,185816,Cheonmaneun Joyonghi Salgosipda,https://s4.anilist.co/file/anilistcdn/media/manga/cover/medium/bx185816-DhnjJEpwiur1.jpg,
AsuraScans,https://asurascans.com/comics/the-player-hides-his-past,The Player Hides His Past,Badass,author-conflict,,,,author-conflict,,,,author-conflict,,,,
AsuraScans,https://asurascans.com/comics/the-demon-god,The Demon God,Jeon Myeong-Woo,title+author,577457,Masin,https://cdn.mangabaka.dev/imgproxy/plain/x250@1/aHR0cHM6Ly9pbWFnZXMubWFuZ2FiYWthLmRldi82LzcvNS8wLzAvNy8yL2EvNDEyNC80MDg3L2JkOWUvYmRjODE1ODJkYTEz,title+author,577457,Masin,https://cdn.mangabaka.dev/imgproxy/plain/x250@1/aHR0cHM6Ly9pbWFnZXMubWFuZ2FiYWthLmRldi82LzcvNS8wLzAvNy8yL2EvNDEyNC80MDg3L2JkOWUvYmRjODE1ODJkYTEz,title+author,206966,Masin,https://s4.anilist.co/file/anilistcdn/media/manga/cover/medium/bx206966-TeotdP1GrCj2.jpg,
AsuraScans,https://asurascans.com/comics/love-letter-from-the-future,Love Letter From The Future,Alcoholic,author-conflict,,,,author-conflict,,,,author-conflict,,,,
AsuraScans,https://asurascans.com/comics/genius-archers-streaming,Genius Archer’s Streaming,Mung Mung Kim,title+author,78130,Genius Archer's Livestreaming,https://cdn.mangabaka.dev/imgproxy/plain/x250@1/aHR0cHM6Ly9pbWFnZXMubWFuZ2FiYWthLmRldi8xL2IvOC9jLzAvNC81LzEvYzc2Mi80N2I3LzhkOWUvMDdlMDkxZDU5N2M0,title+author,78130,Genius Archer's Livestreaming,https://cdn.mangabaka.dev/imgproxy/plain/x250@1/aHR0cHM6Ly9pbWFnZXMubWFuZ2FiYWthLmRldi8xL2IvOC9jLzAvNC81LzEvYzc2Mi80N2I3LzhkOWUvMDdlMDkxZDU5N2M0,none,,,,
AsuraScans,https://asurascans.com/comics/villain-to-kill,Villain To Kill,Fupin,author-conflict,,,,author-conflict,,,,author-conflict,,,,
AsuraScans,https://asurascans.com/comics/dragon-devouring-mage,Dragon-Devouring Mage,Ilhwang,title+author,8837,The Mage: Swallowed the Dragon,https://cdn.mangabaka.dev/imgproxy/plain/x250@1/aHR0cHM6Ly9pbWFnZXMubWFuZ2FiYWthLmRldi83LzMvOC8yLzEvMi9kLzEvMzZmNS80ZjlmL2JkZjYvYmFlZGQxMmUwMmUy,title+author,8837,The Mage: Swallowed the Dragon,https://cdn.mangabaka.dev/imgproxy/plain/x250@1/aHR0cHM6Ly9pbWFnZXMubWFuZ2FiYWthLmRldi83LzMvOC8yLzEvMi9kLzEvMzZmNS80ZjlmL2JkZjYvYmFlZGQxMmUwMmUy,title+author,168287,Yongeul Samkin Mabeopsa,https://s4.anilist.co/file/anilistcdn/media/manga/cover/medium/bx168287-ajrrNniBKaIu.png,
AsuraScans,https://asurascans.com/comics/killer-pietro,Killer Pietro,Kim Junghyun,author-conflict,,,,author-conflict,,,,author-conflict,,,,
AsuraScans,https://asurascans.com/comics/taming-master,Taming Master,Park Taesuk,author-conflict,,,,author-conflict,,,,author-conflict,,,,
AsuraScans,https://asurascans.com/comics/myst-might-mayhem,"Myst, Might, Mayhem",Hanjung Wolya,title+author,4061,"Myst, Might, Mayhem",https://cdn.mangabaka.dev/imgproxy/plain/x250@1/aHR0cHM6Ly9pbWFnZXMubWFuZ2FiYWthLmRldi83LzgvMi81L2MvMi9kLzUvN2FjNC80NTE2L2JkNjMvMDUyZDI3OGNjMWJh,title+author,4061,"Myst, Might, Mayhem",https://cdn.mangabaka.dev/imgproxy/plain/x250@1/aHR0cHM6Ly9pbWFnZXMubWFuZ2FiYWthLmRldi83LzgvMi81L2MvMi9kLzUvN2FjNC80NTE2L2JkNjMvMDUyZDI3OGNjMWJh,title+author,175946,Goeryeok Nansin,https://s4.anilist.co/file/anilistcdn/media/manga/cover/medium/bx175946-rx6eIfakvWYV.jpg,
AsuraScans,https://asurascans.com/comics/super-evolution,Super Evolution,Starlit,author-conflict,,,,author-conflict,,,,author-conflict,,,,
AsuraScans,https://asurascans.com/comics/murim-psychopath,Murim Psychopath,Gonbung,title+author,571536,Psychopath in Murim,https://cdn.mangabaka.dev/imgproxy/plain/x250@1/aHR0cHM6Ly9pbWFnZXMubWFuZ2FiYWthLmRldi84L2YvMy80L2MvZi8xLzcvNDFmZC80YzAwLzg1NWYvNTc5MTU2M2E0NGI5,title+author,571536,Psychopath in Murim,https://cdn.mangabaka.dev/imgproxy/plain/x250@1/aHR0cHM6Ly9pbWFnZXMubWFuZ2FiYWthLmRldi84L2YvMy80L2MvZi8xLzcvNDFmZC80YzAwLzg1NWYvNTc5MTU2M2E0NGI5,title+author,204974,Psychopath in Murim,https://s4.anilist.co/file/anilistcdn/media/manga/cover/medium/bx204974-SZoqdyhxoLRH.jpg,
AsuraScans,https://asurascans.com/comics/poison-eating-healer,Poison-Eating Healer,Park Kyeong-won,title+author,5345,The Poisonous Healer,https://cdn.mangabaka.dev/imgproxy/plain/x250@1/aHR0cHM6Ly9pbWFnZXMubWFuZ2FiYWthLmRldi9iL2MvYy8wLzgvOC9iLzIvZjA3YS80YzlmL2IwOWMvOGUzNjFhYzAxZjY0,title+author,5345,The Poisonous Healer,https://cdn.mangabaka.dev/imgproxy/plain/x250@1/aHR0cHM6Ly9pbWFnZXMubWFuZ2FiYWthLmRldi9iL2MvYy8wLzgvOC9iLzIvZjA3YS80YzlmL2IwOWMvOGUzNjFhYzAxZjY0,title+author,159398,Dok Meogneun Healer,https://s4.anilist.co/file/anilistcdn/media/manga/cover/medium/bx159398-HZVQyNWaDzNU.png,
AsuraScans,https://asurascans.com/comics/rise-from-the-rubble,Rise From The Rubble,Bei Mu Liuhuo,title+author,49516,Rise from the Rubble,https://cdn.mangabaka.dev/imgproxy/plain/x250@1/aHR0cHM6Ly9pbWFnZXMubWFuZ2FiYWthLmRldi80LzAvZS82L2MvMS82LzAvMTYxNy80ODc1LzhiYjEvMjhjY2UxMDZmYzNj,title+author,49516,Rise from the Rubble,https://cdn.mangabaka.dev/imgproxy/plain/x250@1/aHR0cHM6Ly9pbWFnZXMubWFuZ2FiYWthLmRldi80LzAvZS82L2MvMS82LzAvMTYxNy80ODc1LzhiYjEvMjhjY2UxMDZmYzNj,title+author,133122,Cong Moshi Jueqi,https://s4.anilist.co/file/anilistcdn/media/manga/cover/medium/bx133122-U7EY0N5KlCGe.jpg,
AsuraScans,https://asurascans.com/comics/the-newbie-is-too-strong,The Newbie is Too Strong,Cheok Jun-Gyeong,title+author,566777,Sajangnimi Neomu Gangham,https://cdn.mangabaka.dev/imgproxy/plain/x250@1/aHR0cHM6Ly9pbWFnZXMubWFuZ2FiYWthLmRldi80L2YvZC84L2YvYi9hLzMvNWYwZS80YzQxLzkwOWEvZWRhNTQ1MTJmNjIy,author-conflict,,,,author-conflict,,,,
AsuraScans,https://asurascans.com/comics/rebirth-of-the-divine-demon,Rebirth of the Divine Demon,Double D,title+author,515724,Rebirth of the Divine Demon,https://cdn.mangabaka.dev/imgproxy/plain/x250@1/aHR0cHM6Ly9pbWFnZXMubWFuZ2FiYWthLmRldi83LzQvNi9kL2MvMS9hLzIvZjUyZS80ZDRiLzhlZTUvMzY2M2U4ZjVkMzJm,title+author,515724,Rebirth of the Divine Demon,https://cdn.mangabaka.dev/imgproxy/plain/x250@1/aHR0cHM6Ly9pbWFnZXMubWFuZ2FiYWthLmRldi83LzQvNi9kL2MvMS9hLzIvZjUyZS80ZDRiLzhlZTUvMzY2M2U4ZjVkMzJm,title+author,199222,Sinma Hwansaeng,https://s4.anilist.co/file/anilistcdn/media/manga/cover/medium/bx199222-z8kz9BhvX67E.jpg,
AsuraScans,https://asurascans.com/comics/your-talent-is-mine,Your Talent is Mine,Jian Shen Wudi,title+author,49263,Your Talent Is Mine,https://cdn.mangabaka.dev/imgproxy/plain/x250@1/aHR0cHM6Ly9zNC5hbmlsaXN0LmNvL2ZpbGUvYW5pbGlzdGNkbi9tZWRpYS9tYW5nYS9jb3Zlci9sYXJnZS9ieDEzODM2Ni1EQzN0NU1TdjZ2MDUuanBn,title+author,49263,Your Talent Is Mine,https://cdn.mangabaka.dev/imgproxy/plain/x250@1/aHR0cHM6Ly9zNC5hbmlsaXN0LmNvL2ZpbGUvYW5pbGlzdGNkbi9tZWRpYS9tYW5nYS9jb3Zlci9sYXJnZS9ieDEzODM2Ni1EQzN0NU1TdjZ2MDUuanBn,title+author,138366,Wo Neng Fu Zhi Tian Fu,https://s4.anilist.co/file/anilistcdn/media/manga/cover/medium/bx138366-DC3t5MSv6v05.jpg,
AsuraScans,https://asurascans.com/comics/the-frenzy-of-evolution,The Frenzy Of Evolution,Park Gunhoo,title+author,87899,Brink of Evolution,https://cdn.mangabaka.dev/imgproxy/plain/x250@1/aHR0cHM6Ly9hcC1wcm94eS5tYW5nYWJha2EuZGV2L3Byb3h5LnBocD91cmw9aHR0cHM6Ly9jZG4uYW5pbWUtcGxhbmV0LmNvbS9tYW5nYS9wcmltYXJ5L2JyaW5rLW9mLWV2b2x1dGlvbi0xLmpwZz90PTE2MjU5MjM2NTE,author-conflict,,,,author-conflict,,,,
AsuraScans,https://asurascans.com/comics/the-reincarnated-assassin-is-a-genius-swordsman,The Reincarnated Assassin is a Genius Swordsman,Daon Studio,author-conflict,,,,author-conflict,,,,author-conflict,,,,
AsuraScans,https://asurascans.com/comics/the-great-mage-returns-after-4000-years,The Great Mage Returns After 4000 Years,Barnicle,title+author,2336,The Archmage Returns After 4000 Years,https://cdn.mangabaka.dev/imgproxy/plain/x250@1/aHR0cHM6Ly9pbWFnZXMubWFuZ2FiYWthLmRldi80LzQvYi9jLzMvOS85LzkvMTUyZC80ZjAzLzkxMTMvZWY5MmE2N2Y0MjMw,title+author,2336,The Archmage Returns After 4000 Years,https://cdn.mangabaka.dev/imgproxy/plain/x250@1/aHR0cHM6Ly9pbWFnZXMubWFuZ2FiYWthLmRldi80LzQvYi9jLzMvOS85LzkvMTUyZC80ZjAzLzkxMTMvZWY5MmE2N2Y0MjMw,title+author,118424,4000 Nyeon Mane Gwihwanhan Daemadosa,https://s4.anilist.co/file/anilistcdn/media/manga/cover/medium/bx118424-JbTApgnIP1ON.jpg,
AsuraScans,https://asurascans.com/comics/a-mercenarys-rebirth-among-nobles,A Mercenary’s Rebirth Among Nobles,BELF,title+author,568308,Reincarnated as the Grand Duke’s Third Son,https://cdn.mangabaka.dev/imgproxy/plain/x250@1/aHR0cHM6Ly9pbWFnZXMubWFuZ2FiYWthLmRldi9jLzEvYy9iL2QvNS9lL2QvM2E2OS80NjE5L2EyZDYvYzFjM2JiNTQzNGJj,title+author,568308,Reincarnated as the Grand Duke’s Third Son,https://cdn.mangabaka.dev/imgproxy/plain/x250@1/aHR0cHM6Ly9pbWFnZXMubWFuZ2FiYWthLmRldi9jLzEvYy9iL2QvNS9lL2QvM2E2OS80NjE5L2EyZDYvYzFjM2JiNTQzNGJj,title+author,203471,Hwansaenghaetdeoni Daegongui Setjjae Adeul,https://s4.anilist.co/file/anilistcdn/media/manga/cover/medium/bx203471-dCqKXpXikvqE.jpg,
AsuraScans,https://asurascans.com/comics/spirit-farmer,Spirit Farmer,Susaek Yeongjang,title+author,4831,Farmer Of Spirits,https://cdn.mangabaka.dev/imgproxy/plain/x250@1/aHR0cHM6Ly9pbWFnZXMubWFuZ2FiYWthLmRldi9jL2MvMS9hLzkvNi9iLzcvN2RlMC80ODM2Lzg5MjkvYTE0OGNkNjM3YmIz,title+author,4831,Farmer Of Spirits,https://cdn.mangabaka.dev/imgproxy/plain/x250@1/aHR0cHM6Ly9pbWFnZXMubWFuZ2FiYWthLmRldi9jL2MvMS9hLzkvNi9iLzcvN2RlMC80ODM2Lzg5MjkvYTE0OGNkNjM3YmIz,title+author,125653,Jeonglyeong Nongsakkun,https://s4.anilist.co/file/anilistcdn/media/manga/cover/medium/bx125653-EtaMhXUvgSta.jpg,
AsuraScans,https://asurascans.com/comics/king-of-the-mound,King of the Mound,Didat,title+author,55140,Absolute on the Mound,https://cdn.mangabaka.dev/imgproxy/plain/x250@1/aHR0cHM6Ly9pbWFnZXMubWFuZ2FiYWthLmRldi8xLzgvOC9jLzEvNC9lLzQvYTcwNi80ZDA3L2EwN2MvYmQ1NzU0YjA1Zjk5,title+author,55140,Absolute on the Mound,https://cdn.mangabaka.dev/imgproxy/plain/x250@1/aHR0cHM6Ly9pbWFnZXMubWFuZ2FiYWthLmRldi8xLzgvOC9jLzEvNC9lLzQvYTcwNi80ZDA3L2EwN2MvYmQ1NzU0YjA1Zjk5,title+author,153563,Mound Wiui Jeoldaeja,https://s4.anilist.co/file/anilistcdn/media/manga/cover/medium/bx153563-wLWDcLpuXAnM.png,
AsuraScans,https://asurascans.com/comics/the-cold-blooded-warrior,The Cold-Blooded Warrior,Jin,title+author,356897,The Merciless Hero,https://cdn.mangabaka.dev/imgproxy/plain/x250@1/aHR0cHM6Ly9pbWFnZXMubWFuZ2FiYWthLmRldi9jL2QvZi9jLzYvNi8zL2UvZmI5Ny80OTc0LzhkZTQvYTNkZWZjM2VjNzYx,title+author,356897,The Merciless Hero,https://cdn.mangabaka.dev/imgproxy/plain/x250@1/aHR0cHM6Ly9pbWFnZXMubWFuZ2FiYWthLmRldi9jL2QvZi9jLzYvNi8zL2UvZmI5Ny80OTc0LzhkZTQvYTNkZWZjM2VjNzYx,title+author,195099,Pido Nunmuldo Eomneun Yongsa,https://s4.anilist.co/file/anilistcdn/media/manga/cover/medium/bx195099-ThVeY0nVIsGc.jpg,
AsuraScans,https://asurascans.com/comics/pick-me-up-infinite-gacha,"Pick Me Up, Infinite Gacha",Hermod,title+author,1465,Pick Me Up,https://cdn.mangabaka.dev/imgproxy/plain/x250@1/aHR0cHM6Ly9pbWFnZXMubWFuZ2FiYWthLmRldi8xL2EvNC80LzIvNy9hLzEvNGQ4Zi80ZjdhLzg2YWYvODA5MjIzNzNjNDE4,title+author,1465,Pick Me Up,https://cdn.mangabaka.dev/imgproxy/plain/x250@1/aHR0cHM6Ly9pbWFnZXMubWFuZ2FiYWthLmRldi8xL2EvNC80LzIvNy9hLzEvNGQ4Zi80ZjdhLzg2YWYvODA5MjIzNzNjNDE4,title+author,159441,Pick Me Up!,https://s4.anilist.co/file/anilistcdn/media/manga/cover/medium/bx159441-9W8201jAT9Yv.jpg,
AsuraScans,https://asurascans.com/comics/the-terminally-ill-young-master-of-the-baek-clan,The Terminally Ill Young Master of the Baek Clan,Bido,title+author,69931,Baekssisega Sihanbu Gongja,https://cdn.mangabaka.dev/imgproxy/plain/x250@1/aHR0cHM6Ly9pbWFnZXMubWFuZ2FiYWthLmRldi9mLzAvZi9jL2MvYy9lL2MvMTg2YS80ZWNmLzg5OTAvNDk0ZTdlMTI1Nzk1,title+author,69931,Baekssisega Sihanbu Gongja,https://cdn.mangabaka.dev/imgproxy/plain/x250@1/aHR0cHM6Ly9pbWFnZXMubWFuZ2FiYWthLmRldi9mLzAvZi9jL2MvYy9lL2MvMTg2YS80ZWNmLzg5OTAvNDk0ZTdlMTI1Nzk1,title+author,168933,Baekssisega Sihanbu Gongja,https://s4.anilist.co/file/anilistcdn/media/manga/cover/medium/bx168933-jt3I6Oe5ml8v.png,
AsuraScans,https://asurascans.com/comics/the-heavenly-demons-descendant,The Heavenly Demon's Descendant,Jung SeonYul,title+author,73874,The Heavenly Demon's Descendant,https://cdn.mangabaka.dev/imgproxy/plain/x250@1/aHR0cHM6Ly9pbWFnZXMubWFuZ2FiYWthLmRldi82LzgvNS8wLzgvYi80LzEvMDhmZS80NzVkL2I0MGQvNWRiN2NmMGZiYTg4,title+author,73874,The Heavenly Demon's Descendant,https://cdn.mangabaka.dev/imgproxy/plain/x250@1/aHR0cHM6Ly9pbWFnZXMubWFuZ2FiYWthLmRldi82LzgvNS8wLzgvYi80LzEvMDhmZS80NzVkL2I0MGQvNWRiN2NmMGZiYTg4,title+author,171713,Cheonmaui Husoni Doeeotda,https://s4.anilist.co/file/anilistcdn/media/manga/cover/medium/bx171713-qWMaC22SmW6W.png,
AsuraScans,https://asurascans.com/comics/of-all-things-i-became-a-crow,"Of All Things, I Became a Crow",Silverstar,title+author,7951,The Crow's Prince,https://cdn.mangabaka.dev/imgproxy/plain/x250@1/aHR0cHM6Ly9pbWFnZXMubWFuZ2FiYWthLmRldi83L2UvMy9mL2IvNi9iLzcvNGQyNi80ZTViL2JlZTkvN2MyY2MwN2Q5MmMy,title+author,7951,The Crow's Prince,https://cdn.mangabaka.dev/imgproxy/plain/x250@1/aHR0cHM6Ly9pbWFnZXMubWFuZ2FiYWthLmRldi83L2UvMy9mL2IvNi9iLzcvNGQyNi80ZTViL2JlZTkvN2MyY2MwN2Q5MmMy,title+author,145538,Hapirimyeon Kkamagwiga Doeeobeoryeotda,https://s4.anilist.co/file/anilistcdn/media/manga/cover/medium/bx145538-BJPvlJi94fUE.jpg,
AsuraScans,https://asurascans.com/comics/a-villains-will-to-survive,A Villain's Will to Survive,Jee Gab Song,author-conflict,,,,author-conflict,,,,author-conflict,,,,
AsuraScans,https://asurascans.com/comics/carnivorous-hunter,Carnivorous Hunter,Prodify,title+author,54739,The Ravenous Hunter,https://cdn.mangabaka.dev/imgproxy/plain/x250@1/aHR0cHM6Ly9pbWFnZXMubWFuZ2FiYWthLmRldi8zLzkvNS8yLzUvOS9jLzQvYWY5OS80ZWU5Lzk0MzEvZjZiNzQyY2Q3ODVk,title+author,54739,The Ravenous Hunter,https://cdn.mangabaka.dev/imgproxy/plain/x250@1/aHR0cHM6Ly9pbWFnZXMubWFuZ2FiYWthLmRldi8zLzkvNS8yLzUvOS9jLzQvYWY5OS80ZWU5Lzk0MzEvZjZiNzQyY2Q3ODVk,title+author,152215,Yuksikjuui Hunter,https://s4.anilist.co/file/anilistcdn/media/manga/cover/medium/bx152215-cd8hlvmlAACt.jpg,
AsuraScans,https://asurascans.com/comics/steel-eating-player,Steel-Eating Player,Gamdog 9,title+author,5252,Steel-Eating Player,https://cdn.mangabaka.dev/imgproxy/plain/x250@1/aHR0cHM6Ly9pbWFnZXMubWFuZ2FiYWthLmRldi9lL2IvNi8wLzAvMi9kL2EvYjYyYS80MjM1L2E4MjgvZmE1NjM4M2YzYzU3,title+author,5252,Steel-Eating Player,https://cdn.mangabaka.dev/imgproxy/plain/x250@1/aHR0cHM6Ly9pbWFnZXMubWFuZ2FiYWthLmRldi9lL2IvNi8wLzAvMi9kL2EvYjYyYS80MjM1L2E4MjgvZmE1NjM4M2YzYzU3,title+author,170956,Gangcheoreul Meongneun Player,https://s4.anilist.co/file/anilistcdn/media/manga/cover/medium/bx170956-UEr9Me53dC43.jpg,
AsuraScans,https://asurascans.com/comics/crimson-reset,Crimson Reset,Kim Hyungjun,title+author,567763,Crimson Reset,https://cdn.mangabaka.dev/imgproxy/plain/x250@1/aHR0cHM6Ly9pbWFnZXMubWFuZ2FiYWthLmRldi8yLzYvMy9hL2IvOC82L2QvZjhjNy80YTk2L2FkMTYvODZiNWFhODc4OGNi,title+author,567763,Crimson Reset,https://cdn.mangabaka.dev/imgproxy/plain/x250@1/aHR0cHM6Ly9pbWFnZXMubWFuZ2FiYWthLmRldi8yLzYvMy9hL2IvOC82L2QvZjhjNy80YTk2L2FkMTYvODZiNWFhODc4OGNi,title+author,203154,Vampire Lord-ro Saneun Beop,https://s4.anilist.co/file/anilistcdn/media/manga/cover/medium/bx203154-hrncPJICVIok.jpg,
AsuraScans,https://asurascans.com/comics/reborn-as-the-heavenly-demon,Reborn As The Heavenly Demon,Jang Yeonghun,title+author,4122,Reincarnated Murim Lord,https://cdn.mangabaka.dev/imgproxy/plain/x250@1/aHR0cHM6Ly9pbWFnZXMubWFuZ2FiYWthLmRldi9lL2UvMi80LzIvYy84LzAvNGRkNi80NDVmLzhkOWUvOGZhMTE2MDViMTBj,title+author,4122,Reincarnated Murim Lord,https://cdn.mangabaka.dev/imgproxy/plain/x250@1/aHR0cHM6Ly9pbWFnZXMubWFuZ2FiYWthLmRldi9lL2UvMi80LzIvYy84LzAvNGRkNi80NDVmLzhkOWUvOGZhMTE2MDViMTBj,title+author,176790,Hwansaengcheonma,https://s4.anilist.co/file/anilistcdn/media/manga/cover/medium/bx176790-qR0AhWd6xxWC.png,
AsuraScans,https://asurascans.com/comics/maxed-out-leveling,Maxed Out Leveling,Endlessea,author-conflict,,,,author-conflict,,,,author-conflict,,,,
AsuraScans,https://asurascans.com/comics/reincarnation-of-the-fist-king,Reincarnation of the Fist King,Seungtu,title+author,354238,Reincarnation of the Fist King,https://cdn.mangabaka.dev/imgproxy/plain/x250@1/aHR0cHM6Ly9pbWFnZXMubWFuZ2FiYWthLmRldi9lLzAvMC9jL2UvOS80L2MvMmMwOC80NjJmL2EwODkvOWQ3N2E4ZDliZjg2,title+author,354238,Reincarnation of the Fist King,https://cdn.mangabaka.dev/imgproxy/plain/x250@1/aHR0cHM6Ly9pbWFnZXMubWFuZ2FiYWthLmRldi9lLzAvMC9jL2UvOS80L2MvMmMwOC80NjJmL2EwODkvOWQ3N2E4ZDliZjg2,title+author,194523,Gwonwanghwansaeng,https://s4.anilist.co/file/anilistcdn/media/manga/cover/medium/bx194523-cLAK6gTAKNkM.jpg,
AsuraScans,https://asurascans.com/comics/updater,Updater,89LINE,title+author,5708,Updater,https://cdn.mangabaka.dev/imgproxy/plain/x250@1/aHR0cHM6Ly9pbWFnZXMubWFuZ2FiYWthLmRldi9kL2QvZS85LzMvNS8yL2MvMjM0Yi80YzU1L2ExYzMvMGVhYmYwOTJiOWUz,title+author,5708,Updater,https://cdn.mangabaka.dev/imgproxy/plain/x250@1/aHR0cHM6Ly9pbWFnZXMubWFuZ2FiYWthLmRldi9kL2QvZS85LzMvNS8yL2MvMjM0Yi80YzU1L2ExYzMvMGVhYmYwOTJiOWUz,title+author,132128,Updater,https://s4.anilist.co/file/anilistcdn/media/manga/cover/medium/bx132128-R8zW3UPocEpI.jpg,
AsuraScans,https://asurascans.com/comics/heavenly-swords-grand-saga,Heavenly Sword's Grand Saga,Eunyeol,title+author,8144,Cheongeomgihyeop,https://cdn.mangabaka.dev/imgproxy/plain/x250@1/aHR0cHM6Ly9pbWFnZXMubWFuZ2FiYWthLmRldi9iL2EvMy80LzkvMC9jL2YvZmNjZC80M2ExLzg3YWMvMmYyZmRkODJlODY0,title+author,8144,Cheongeomgihyeop,https://cdn.mangabaka.dev/imgproxy/plain/x250@1/aHR0cHM6Ly9pbWFnZXMubWFuZ2FiYWthLmRldi9iL2EvMy80LzkvMC9jL2YvZmNjZC80M2ExLzg3YWMvMmYyZmRkODJlODY0,title+author,152422,Cheongeomgihyeop,https://s4.anilist.co/file/anilistcdn/media/manga/cover/medium/bx152422-D9NbExBqC4GR.png,
AsuraScans,https://asurascans.com/comics/the-berserkers-second-playthrough,The Berserker's Second Playthrough,Life Ruined,title+author,571668,The Berserker's Second Playthrough,https://cdn.mangabaka.dev/imgproxy/plain/x250@1/aHR0cHM6Ly9pbWFnZXMubWFuZ2FiYWthLmRldi8wLzQvZi9hL2IvYy80LzAvYjA3OC80ZWMyL2JhNjYvMzVhN2M1MDljMjc2,title+author,571668,The Berserker's Second Playthrough,https://cdn.mangabaka.dev/imgproxy/plain/x250@1/aHR0cHM6Ly9pbWFnZXMubWFuZ2FiYWthLmRldi8wLzQvZi9hL2IvYy80LzAvYjA3OC80ZWMyL2JhNjYvMzVhN2M1MDljMjc2,title+author,205085,Game Sok 2-hoecha Gwangjeonsa,https://s4.anilist.co/file/anilistcdn/media/manga/cover/medium/bx205085-9vaA6aKwapee.jpg,
AsuraScans,https://asurascans.com/comics/the-ultimate-shut-in,The Ultimate Shut-In,Araman,title+author,7701,Ultimate Shut-in,https://cdn.mangabaka.dev/imgproxy/plain/x250@1/aHR0cHM6Ly9pbWFnZXMubWFuZ2FiYWthLmRldi9mL2YvMC8wLzUvYS85LzAvZGRjOC80M2UzLzg4NTQvMDc3Y2RjOTQ3MThl,title+author,7701,Ultimate Shut-in,https://cdn.mangabaka.dev/imgproxy/plain/x250@1/aHR0cHM6Ly9pbWFnZXMubWFuZ2FiYWthLmRldi9mL2YvMC8wLzUvYS85LzAvZGRjOC80M2UzLzg4NTQvMDc3Y2RjOTQ3MThl,title+author,186019,Jipguseok Jeoldaeja,https://s4.anilist.co/file/anilistcdn/media/manga/cover/medium/bx186019-IPT6Xoej9pgt.jpg,
AsuraScans,https://asurascans.com/comics/the-s-classes-that-i-raised,The S-Classes That I Raised,Geunseo,title+author,49861,My S-Class Hunters,https://cdn.mangabaka.dev/imgproxy/plain/x250@1/aHR0cHM6Ly9pbWFnZXMubWFuZ2FiYWthLmRldi9kLzEvOS80LzgvMy9kLzkvZmY4MS80M2FmL2FhYjcvODliZjAzNTg1Mjg5,title+author,49861,My S-Class Hunters,https://cdn.mangabaka.dev/imgproxy/plain/x250@1/aHR0cHM6Ly9pbWFnZXMubWFuZ2FiYWthLmRldi9kLzEvOS80LzgvMy9kLzkvZmY4MS80M2FmL2FhYjcvODliZjAzNTg1Mjg5,title+author,141958,Naega Kiun S-Geupdeul,https://s4.anilist.co/file/anilistcdn/media/manga/cover/medium/bx141958-y46ASozodVNW.jpg,
AsuraScans,https://asurascans.com/comics/reincarnation-of-the-suicidal-battle-god,Reincarnation of the Suicidal Battle God,Blue-Deep,author-conflict,,,,author-conflict,,,,author-conflict,,,,
AsuraScans,https://asurascans.com/comics/trash-of-the-counts-family,Trash of the Count’s Family,Byeol Narae,title+author,638,Lout of Count’s Family,https://cdn.mangabaka.dev/imgproxy/plain/x250@1/aHR0cHM6Ly9pbWFnZXMubWFuZ2FiYWthLmRldi9kL2EvYi8wLzUvMC85L2MvY2NlMi80M2YwL2JmZDUvZjM5MmEwOTdkODk0,title+author,638,Lout of Count’s Family,https://cdn.mangabaka.dev/imgproxy/plain/x250@1/aHR0cHM6Ly9pbWFnZXMubWFuZ2FiYWthLmRldi9kL2EvYi8wLzUvMC85L2MvY2NlMi80M2YwL2JmZDUvZjM5MmEwOTdkODk0,none,,,,
AsuraScans,https://asurascans.com/comics/the-extra-is-too-strong,The Extra is Too Strong,Hameron,title+author,8521,The Extra Is Too Powerful,https://cdn.mangabaka.dev/imgproxy/plain/x250@1/aHR0cHM6Ly9pbWFnZXMubWFuZ2FiYWthLmRldi83L2QvYy85LzMvOS84LzAvNWJiNi80Y2Y1LzkxMGQvYjk2ZjRiNTk5M2Fi,title+author,8521,The Extra Is Too Powerful,https://cdn.mangabaka.dev/imgproxy/plain/x250@1/aHR0cHM6Ly9pbWFnZXMubWFuZ2FiYWthLmRldi83L2QvYy85LzMvOS84LzAvNWJiNi80Y2Y1LzkxMGQvYjk2ZjRiNTk5M2Fi,title+author,167318,Extra-ga Neomu Gangham,https://s4.anilist.co/file/anilistcdn/media/manga/cover/medium/bx167318-fmcRXTsFE99i.jpg,
AsuraScans,https://asurascans.com/comics/noble-lady-reformation-guide,Noble Lady Reformation Guide,Corita,title+author,577103,There's No Such Thing as a Bad Lady,https://cdn.mangabaka.dev/imgproxy/plain/x250@1/aHR0cHM6Ly9pbWFnZXMubWFuZ2FiYWthLmRldi81L2YvMS9mLzUvZS9hL2YvNmRlZi80Nzk5L2E5NjcvOGFhNGViNDkyMDUz,title+author,577103,There's No Such Thing as a Bad Lady,https://cdn.mangabaka.dev/imgproxy/plain/x250@1/aHR0cHM6Ly9pbWFnZXMubWFuZ2FiYWthLmRldi81L2YvMS9mLzUvZS9hL2YvNmRlZi80Nzk5L2E5NjcvOGFhNGViNDkyMDUz,title+author,206766,Sesange Nappeun Yeongaeneun Eopda,https://s4.anilist.co/file/anilistcdn/media/manga/cover/medium/bx206766-W5A0TIH5RM0a.jpg,
AsuraScans,https://asurascans.com/comics/saving-the-villain-who-was-abandoned-by-the-female-lead,Saving the Villain Who was Abandoned by the Female Lead,YeonBi,title+author,41076,Saving the Villain from the Heroine,https://cdn.mangabaka.dev/imgproxy/plain/x250@1/aHR0cHM6Ly9pbWFnZXMubWFuZ2FiYWthLmRldi9kLzAvMC9lL2YvOS9hLzYvMWNhOC80ZDAxL2JiNzkvZThhYmMyYjk3NTZk,title+author,41076,Saving the Villain from the Heroine,https://cdn.mangabaka.dev/imgproxy/plain/x250@1/aHR0cHM6Ly9pbWFnZXMubWFuZ2FiYWthLmRldi9kLzAvMC9lL2YvOS9hLzYvMWNhOC80ZDAxL2JiNzkvZThhYmMyYjk3NTZk,ambiguous,,,,
AsuraScans,https://asurascans.com/comics/dungeon-defense,Dungeon Defense,Arrone,title+author,78335,Dungeon Defense,https://cdn.mangabaka.dev/imgproxy/plain/x250@1/aHR0cHM6Ly9zNC5hbmlsaXN0LmNvL2ZpbGUvYW5pbGlzdGNkbi9tZWRpYS9tYW5nYS9jb3Zlci9sYXJnZS9ieDE3Njc5OS1tTHJJZ3pWWmtpQkguanBn,title+author,78335,Dungeon Defense,https://cdn.mangabaka.dev/imgproxy/plain/x250@1/aHR0cHM6Ly9zNC5hbmlsaXN0LmNvL2ZpbGUvYW5pbGlzdGNkbi9tZWRpYS9tYW5nYS9jb3Zlci9sYXJnZS9ieDE3Njc5OS1tTHJJZ3pWWmtpQkguanBn,title+author,176799,Dungeon Defense,https://s4.anilist.co/file/anilistcdn/media/manga/cover/medium/bx176799-mLrIgzVZkiBH.jpg,
AsuraScans,https://asurascans.com/comics/never-die-extra,Never Die Extra,Eldo,author-conflict,,,,author-conflict,,,,author-conflict,,,,
AsuraScans,https://asurascans.com/comics/player-who-returned-10000-years-later,"Player Who Returned 10,000 Years Later",Butterfly Valley,author-conflict,,,,author-conflict,,,,author-conflict,,,,
WebToons,https://www.webtoons.com/en/sf/housekeeper/list?title_no=3479,Housekeeper,,link,5086,Housekeeper,https://cdn.mangabaka.dev/imgproxy/plain/x250@1/aHR0cHM6Ly9pbWFnZXMubWFuZ2FiYWthLmRldi83LzkvNy9jL2YvMS8xLzgvZGY2Ny80NDAyL2E0YmEvZmZhMWU2ZmQ1YjJl,ambiguous,,,,title-unique,111242,Housekeeper,https://s4.anilist.co/file/anilistcdn/media/manga/cover/medium/bx111242-X7FZDr34BXoj.jpg,
WebToons,https://www.webtoons.com/en/romance/endless-summer/list?title_no=7369,Endless Summer,,link,89078,Endless Summer,https://cdn.mangabaka.dev/imgproxy/plain/x250@1/aHR0cHM6Ly9pbWFnZXMubWFuZ2FiYWthLmRldi84L2QvNi85LzEvYy8zL2MvZWE3Zi80MjY4L2E4ZjkvZDg1YTQ5NmQ2MTMx,ambiguous,,,,title-unique,188175,Endless Summer,https://s4.anilist.co/file/anilistcdn/media/manga/cover/medium/bx188175-ojo0DtwhlPyI.png,
WebToons,https://www.webtoons.com/en/romance/complicated-cohabitation/list?title_no=4739,Complicated Cohabitation,,link,60178,Complicated Cohabitation,https://cdn.mangabaka.dev/imgproxy/plain/x250@1/aHR0cHM6Ly9pbWFnZXMubWFuZ2FiYWthLmRldi84LzUvYS8yLzYvYy9lL2EvMGVmOC80NDc4L2FmOWIvNWM2ZWFmYjFhOWE0,title-unique,60178,Complicated Cohabitation,https://cdn.mangabaka.dev/imgproxy/plain/x250@1/aHR0cHM6Ly9pbWFnZXMubWFuZ2FiYWthLmRldi84LzUvYS8yLzYvYy9lL2EvMGVmOC80NDc4L2FmOWIvNWM2ZWFmYjFhOWE0,title-unique,157502,Bulsunhan Donggeodongnak,https://s4.anilist.co/file/anilistcdn/media/manga/cover/medium/bx157502-y9tW06VwZSPJ.png,
WebToons,https://www.webtoons.com/en/super-hero/heroine-chic/list?title_no=561,Heroine Chic,,none,,,,none,,,,none,,,,
WebToons,https://www.webtoons.com/en/drama/the-sound-of-magic-annarasumanara/list?title_no=77,The Sound of Magic: Annarasumanara,,link,11177,The Sound of Magic: Annarasumanara,https://cdn.mangabaka.dev/imgproxy/plain/x250@1/aHR0cHM6Ly9pbWFnZXMubWFuZ2FiYWthLmRldi9iLzIvZi9lL2QvZi82LzUvNzgzYi80MzNhL2FjYjUvNzczZjY3ZTRlMDlj,title-unique,11177,The Sound of Magic: Annarasumanara,https://cdn.mangabaka.dev/imgproxy/plain/x250@1/aHR0cHM6Ly9pbWFnZXMubWFuZ2FiYWthLmRldi9iLzIvZi9lL2QvZi82LzUvNzgzYi80MzNhL2FjYjUvNzczZjY3ZTRlMDlj,title-unique,60079,Annarasumanara,https://s4.anilist.co/file/anilistcdn/media/manga/cover/medium/bx60079-m0IndfC9eHAJ.png,
WebToons,https://www.webtoons.com/en/romance/truebeauty/list?title_no=1436,True Beauty,,link,3213,True Beauty,https://cdn.mangabaka.dev/imgproxy/plain/x250@1/aHR0cHM6Ly9pbWFnZXMubWFuZ2FiYWthLmRldi82L2QvMy84L2MvNi84L2EvYzE3Zi80ZDk4L2EzYWMvMDA2ZDUwNjhiOGM3,title-unique,3213,True Beauty,https://cdn.mangabaka.dev/imgproxy/plain/x250@1/aHR0cHM6Ly9pbWFnZXMubWFuZ2FiYWthLmRldi82L2QvMy84L2MvNi84L2EvYzE3Zi80ZDk4L2EzYWMvMDA2ZDUwNjhiOGM3,title-unique,103995,Yeosingangnim,https://s4.anilist.co/file/anilistcdn/media/manga/cover/medium/bx103995-eE7WHxOy77TB.jpg,
WebToons,https://www.webtoons.com/en/romance/publishing-love/list?title_no=4218,Publishing Love,,link,35789,Publishing Love,https://cdn.mangabaka.dev/imgproxy/plain/x250@1/aHR0cHM6Ly9zNC5hbmlsaXN0LmNvL2ZpbGUvYW5pbGlzdGNkbi9tZWRpYS9tYW5nYS9jb3Zlci9tZWRpdW0vYjEzNDg4MS1mVWRzUU1malpyRm4uanBn,title-unique,35789,Publishing Love,https://cdn.mangabaka.dev/imgproxy/plain/x250@1/aHR0cHM6Ly9zNC5hbmlsaXN0LmNvL2ZpbGUvYW5pbGlzdGNkbi9tZWRpYS9tYW5nYS9jb3Zlci9tZWRpdW0vYjEzNDg4MS1mVWRzUU1malpyRm4uanBn,title-unique,134881,Dugeundugeun Magam Jung,https://s4.anilist.co/file/anilistcdn/media/manga/cover/medium/b134881-fUdsQMfjZrFn.jpg,
WebToons,https://www.webtoons.com/en/action/juvenile-offender/list?title_no=5464,Juvenile Offender,,link,6456,Juvenile Offender,https://cdn.mangabaka.dev/imgproxy/plain/x250@1/aHR0cHM6Ly9pbWFnZXMubWFuZ2FiYWthLmRldi9lLzIvMS81LzYvMi9kLzEvMTM3MC80MDZkLzkxMjAvYzZjNDI1OGI3ODY1,title-unique,6456,Juvenile Offender,https://cdn.mangabaka.dev/imgproxy/plain/x250@1/aHR0cHM6Ly9pbWFnZXMubWFuZ2FiYWthLmRldi9lLzIvMS81LzYvMi9kLzEvMTM3MC80MDZkLzkxMjAvYzZjNDI1OGI3ODY1,title-unique,166122,Chokbeopsonyeon,https://s4.anilist.co/file/anilistcdn/media/manga/cover/medium/bx166122-AcbWqavmKVPy.jpg,
WebToons,https://www.webtoons.com/en/thriller/tales-of-greed/list?title_no=2772,Tales of Greed,,link,46102,Tales of Greed,https://cdn.mangabaka.dev/imgproxy/plain/x250@1/aHR0cHM6Ly9pbWFnZXMubWFuZ2FiYWthLmRldi8wLzcvOC8yLzMvMC9mLzAvZWJkNS80ODVmL2ExNDMvMzhmNjNlZmQzY2Qz,title-unique,46102,Tales of Greed,https://cdn.mangabaka.dev/imgproxy/plain/x250@1/aHR0cHM6Ly9pbWFnZXMubWFuZ2FiYWthLmRldi8wLzcvOC8yLzMvMC9mLzAvZWJkNS80ODVmL2ExNDMvMzhmNjNlZmQzY2Qz,title-unique,130603,Yongmangilgi,https://s4.anilist.co/file/anilistcdn/media/manga/cover/medium/bx130603-e62MGGK0XZ1q.jpg,
WebToons,https://www.webtoons.com/en/drama/spring-once-again/list?title_no=4262,Spring Once Again,,link,156478,Spring Once Again,https://cdn.mangabaka.dev/imgproxy/plain/x250@1/aHR0cHM6Ly9pbWFnZXMubWFuZ2FiYWthLmRldi83LzkvMS9hLzUvZi84L2QvMDY0Zi80YzYwL2E0ZDIvMDY0NTViMmFmZDkz,title-unique,156478,Spring Once Again,https://cdn.mangabaka.dev/imgproxy/plain/x250@1/aHR0cHM6Ly9pbWFnZXMubWFuZ2FiYWthLmRldi83LzkvMS9hLzUvZi84L2QvMDY0Zi80YzYwL2E0ZDIvMDY0NTViMmFmZDkz,title-unique,159122,Dasi Tto Bom,https://s4.anilist.co/file/anilistcdn/media/manga/cover/medium/bx159122-hHmXDCiRqBys.jpg,
WebToons,https://www.webtoons.com/en/fantasy/from-a-knight-to-a-lady/list?title_no=3164,From a Knight to a Lady,,link,3333,From a Knight to a Lady,https://cdn.mangabaka.dev/imgproxy/plain/x250@1/aHR0cHM6Ly9pbWFnZXMubWFuZ2FiYWthLmRldi81L2QvOS85LzUvYi9hL2MvMjJkMy80OTlkLzhmMzIvZmE1ZTY3NWIwZDI0,title-unique,3333,From a Knight to a Lady,https://cdn.mangabaka.dev/imgproxy/plain/x250@1/aHR0cHM6Ly9pbWFnZXMubWFuZ2FiYWthLmRldi81L2QvOS85LzUvYi9hL2MvMjJkMy80OTlkLzhmMzIvZmE1ZTY3NWIwZDI0,title-unique,131376,Geu Gisaga Lady-ro Saneun Beop,https://s4.anilist.co/file/anilistcdn/media/manga/cover/medium/bx131376-EV09JUR4OMRT.jpg,
WebToons,https://www.webtoons.com/en/drama/to-be-ordinary/list?title_no=3246,To Be Ordinary!,,link,25770,To Be Ordinary!,https://cdn.mangabaka.dev/imgproxy/plain/x250@1/aHR0cHM6Ly9pbWFnZXMubWFuZ2FiYWthLmRldi9lLzcvYy8wLzYvOC8zLzkvMzM5NC80NTIxLzg4MTQvMGI0MTY1ODRmMWM2,title-unique,25770,To Be Ordinary!,https://cdn.mangabaka.dev/imgproxy/plain/x250@1/aHR0cHM6Ly9pbWFnZXMubWFuZ2FiYWthLmRldi9lLzcvYy8wLzYvOC8zLzkvMzM5NC80NTIxLzg4MTQvMGI0MTY1ODRmMWM2,title-unique,99316,Futsuu ni Naritai,https://s4.anilist.co/file/anilistcdn/media/manga/cover/medium/99316-WH4PsFmkUjvs.jpg,
WebToons,https://www.webtoons.com/en/fantasy/marionetta/list?title_no=4425,Marionetta,,title-unique,536,Marionetta,https://cdn.mangabaka.dev/imgproxy/plain/x250@1/aHR0cHM6Ly9tZWRpYS5raXRzdS5hcHAvbWFuZ2EvNjY0OTEvcG9zdGVyX2ltYWdlLzgwOTM2MjIyMzJhMzdiMmUwMTI2ZWJjMTEwNjU3MGE3LnBuZw,title-unique,536,Marionetta,https://cdn.mangabaka.dev/imgproxy/plain/x250@1/aHR0cHM6Ly9tZWRpYS5raXRzdS5hcHAvbWFuZ2EvNjY0OTEvcG9zdGVyX2ltYWdlLzgwOTM2MjIyMzJhMzdiMmUwMTI2ZWJjMTEwNjU3MGE3LnBuZw,none,,,,
WebToons,https://www.webtoons.com/en/romance/secretarys-escape/list?title_no=5182,Secretary’s Escape,,link,56909,Secretary's Escape,https://cdn.mangabaka.dev/imgproxy/plain/x250@1/aHR0cHM6Ly9pbWFnZXMubWFuZ2FiYWthLmRldi8yLzQvOS80LzQvNS81LzIvY2RiYi80NzFjLzkzMTkvNjgwODU5MjJhZTNl,title-unique,56909,Secretary's Escape,https://cdn.mangabaka.dev/imgproxy/plain/x250@1/aHR0cHM6Ly9pbWFnZXMubWFuZ2FiYWthLmRldi8yLzQvOS80LzQvNS81LzIvY2RiYi80NzFjLzkzMTkvNjgwODU5MjJhZTNl,none,,,,
WebToons,https://www.webtoons.com/en/drama/reborn-rich/list?title_no=4956,Reborn Rich,,link,189,Reborn Rich,https://cdn.mangabaka.dev/imgproxy/plain/x250@1/aHR0cHM6Ly9pbWFnZXMubWFuZ2FiYWthLmRldi9iLzkvZC8wLzQvYS83LzMvOWYzZC80YWIwLzkzNDUvYjQ1NTM5NDk3OGRh,title-unique,189,Reborn Rich,https://cdn.mangabaka.dev/imgproxy/plain/x250@1/aHR0cHM6Ly9pbWFnZXMubWFuZ2FiYWthLmRldi9iLzkvZC8wLzQvYS83LzMvOWYzZC80YWIwLzkzNDUvYjQ1NTM5NDk3OGRh,title-unique,158766,Jaebeoljip Mangnaeadeul,https://s4.anilist.co/file/anilistcdn/media/manga/cover/medium/bx158766-QqP974PrKarG.jpg,
WebToons,https://www.webtoons.com/en/fantasy/crimson-heart/list?title_no=4898,Crimson Heart,,link,70391,Crimson Heart,https://cdn.mangabaka.dev/imgproxy/plain/x250@1/aHR0cHM6Ly9pbWFnZXMubWFuZ2FiYWthLmRldi80LzYvYy9kLzEvNy85LzIvMjY1Ny80NDM5L2FmYzQvZTQ4MjAzODViZGE2,ambiguous,,,,ambiguous,,,,
WebToons,https://www.webtoons.com/en/romance/ill-give-you-the-most-rotten-one/list?title_no=6538,I'll Give You the Most Rotten One,,link,7490,I'll Give You the Most Rotten One,https://cdn.mangabaka.dev/imgproxy/plain/x250@1/aHR0cHM6Ly9pbWFnZXMubWFuZ2FiYWthLmRldi8zLzgvZi9jLzcvYS9hLzEvNGZlMC80YTMyLzg4YzIvYmEzMjZjMjU5ZDQ2,title-unique,7490,I'll Give You the Most Rotten One,https://cdn.mangabaka.dev/imgproxy/plain/x250@1/aHR0cHM6Ly9pbWFnZXMubWFuZ2FiYWthLmRldi8zLzgvZi9jLzcvYS9hLzEvNGZlMC80YTMyLzg4YzIvYmEzMjZjMjU5ZDQ2,title-unique,180760,Gajang Sseogeun Geoseul Julge,https://s4.anilist.co/file/anilistcdn/media/manga/cover/medium/bx180760-IgT8UzBHmOfV.jpg,
WebToons,https://www.webtoons.com/en/drama/blue/list?title_no=3477,Blue,,ambiguous,,,,ambiguous,,,,ambiguous,,,,
WebToons,https://www.webtoons.com/en/romance/how-a-goddess-wins-over-tigers/list?title_no=5545,How a Goddess Wins Over Tigers,,link,57349,How a Goddess Wins Over Tigers,https://cdn.mangabaka.dev/imgproxy/plain/x250@1/aHR0cHM6Ly9pbWFnZXMubWFuZ2FiYWthLmRldi8xL2IvNS9iL2MvOS8zL2EvMjY5Ny80YjNjLzllZWMvOTllNDBlOGFiMDg4,title-unique,57349,How a Goddess Wins Over Tigers,https://cdn.mangabaka.dev/imgproxy/plain/x250@1/aHR0cHM6Ly9pbWFnZXMubWFuZ2FiYWthLmRldi8xL2IvNS9iL2MvOS8zL2EvMjY5Ny80YjNjLzllZWMvOTllNDBlOGFiMDg4,title-unique,171660,Yeosinnimui Horangi Gongnyakbeop,https://s4.anilist.co/file/anilistcdn/media/manga/cover/medium/bx171660-LXX40ul4Bmof.png,
WebToons,https://www.webtoons.com/en/fantasy/watermelon/list?title_no=1435,Watermelon,,title-unique,41104,Watermelon,https://cdn.mangabaka.dev/imgproxy/plain/x250@1/aHR0cHM6Ly9tZWRpYS5raXRzdS5hcHAvbWFuZ2EvcG9zdGVyX2ltYWdlcy81Mzk3MC9vcmlnaW5hbC5qcGc,title-unique,41104,Watermelon,https://cdn.mangabaka.dev/imgproxy/plain/x250@1/aHR0cHM6Ly9tZWRpYS5raXRzdS5hcHAvbWFuZ2EvcG9zdGVyX2ltYWdlcy81Mzk3MC9vcmlnaW5hbC5qcGc,none,,,,
WebToons,https://www.webtoons.com/en/romance/marry-my-husband/list?title_no=4572,Marry My Husband,,link,50199,Marry My Husband,https://cdn.mangabaka.dev/imgproxy/plain/x250@1/aHR0cHM6Ly9pbWFnZXMubWFuZ2FiYWthLmRldi81L2EvZC83LzAvZS9hLzMvNmRhYi80M2JjL2EwMTMvNjhjZTVlZWRiODU0,title-unique,50199,Marry My Husband,https://cdn.mangabaka.dev/imgproxy/plain/x250@1/aHR0cHM6Ly9pbWFnZXMubWFuZ2FiYWthLmRldi81L2EvZC83LzAvZS9hLzMvNmRhYi80M2JjL2EwMTMvNjhjZTVlZWRiODU0,title-unique,145551,Nae Nampyeongwa Gyeolhonhaejwo,https://s4.anilist.co/file/anilistcdn/media/manga/cover/medium/bx145551-enTAK5JQfcCr.jpg,
WebToons,https://www.webtoons.com/en/historical/the-weight-of-our-sky/list?title_no=1739,The Weight of Our Sky,,title-unique,374815,The Weight of Our Sky,https://cdn.mangabaka.dev/imgproxy/plain/x250@1/aHR0cHM6Ly9tZWRpYS5raXRzdS5hcHAvbWFuZ2EvcG9zdGVyX2ltYWdlcy81NzQ2My9vcmlnaW5hbC5qcGc,title-unique,374815,The Weight of Our Sky,https://cdn.mangabaka.dev/imgproxy/plain/x250@1/aHR0cHM6Ly9tZWRpYS5raXRzdS5hcHAvbWFuZ2EvcG9zdGVyX2ltYWdlcy81NzQ2My9vcmlnaW5hbC5qcGc,none,,,,
WebToons,https://www.webtoons.com/en/drama/acception/list?title_no=1513,Acception,,title-unique,541996,Acception,https://cdn.mangabaka.dev/imgproxy/plain/x250@1/aHR0cHM6Ly9tZWRpYS5raXRzdS5hcHAvbWFuZ2EvcG9zdGVyX2ltYWdlcy81NDc4NC9vcmlnaW5hbC5qcGc,title-unique,541996,Acception,https://cdn.mangabaka.dev/imgproxy/plain/x250@1/aHR0cHM6Ly9tZWRpYS5raXRzdS5hcHAvbWFuZ2EvcG9zdGVyX2ltYWdlcy81NDc4NC9vcmlnaW5hbC5qcGc,none,,,,
WebToons,https://www.webtoons.com/en/sf/space-boy/list?title_no=400,Space Boy,,title-unique,528865,Space Boy,https://cdn.mangabaka.dev/imgproxy/plain/x250@1/aHR0cHM6Ly9tZWRpYS5raXRzdS5hcHAvbWFuZ2EvNjEyNzEvcG9zdGVyX2ltYWdlL2JhMzk5OGZlOTU2OWE0OTdhMDkzNDMwZTI1ZDQ1NzNlLmpwZw,title-unique,528865,Space Boy,https://cdn.mangabaka.dev/imgproxy/plain/x250@1/aHR0cHM6Ly9tZWRpYS5raXRzdS5hcHAvbWFuZ2EvNjEyNzEvcG9zdGVyX2ltYWdlL2JhMzk5OGZlOTU2OWE0OTdhMDkzNDMwZTI1ZDQ1NzNlLmpwZw,none,,,,
WebToons,https://www.webtoons.com/en/drama/seagull/list?title_no=5803,Seagull,,title-unique,377323,Seagull,https://cdn.mangabaka.dev/imgproxy/plain/x250@1/aHR0cHM6Ly9hcC1wcm94eS5tYW5nYWJha2EuZGV2L3Byb3h5LnBocD91cmw9aHR0cHM6Ly9jZG4uYW5pbWUtcGxhbmV0LmNvbS9tYW5nYS9wcmltYXJ5L3NlYWd1bGwtMS53ZWJwP3Q9MTY5ODE0ODMxMQ,title-unique,377323,Seagull,https://cdn.mangabaka.dev/imgproxy/plain/x250@1/aHR0cHM6Ly9hcC1wcm94eS5tYW5nYWJha2EuZGV2L3Byb3h5LnBocD91cmw9aHR0cHM6Ly9jZG4uYW5pbWUtcGxhbmV0LmNvbS9tYW5nYS9wcmltYXJ5L3NlYWd1bGwtMS53ZWJwP3Q9MTY5ODE0ODMxMQ,none,,,,
WebToons,https://www.webtoons.com/en/romance/age-matters/list?title_no=1364,Age Matters,,title-unique,34639,Age Matters,https://cdn.mangabaka.dev/imgproxy/plain/x250@1/aHR0cHM6Ly9pbWFnZXMubWFuZ2FiYWthLmRldi9kLzAvMy8zLzYvZS9hLzEvZWZhZC80NGY1L2E3NDIvMmI0MDUxNGJmMzAy,title-unique,34639,Age Matters,https://cdn.mangabaka.dev/imgproxy/plain/x250@1/aHR0cHM6Ly9pbWFnZXMubWFuZ2FiYWthLmRldi9kLzAvMy8zLzYvZS9hLzEvZWZhZC80NGY1L2E3NDIvMmI0MDUxNGJmMzAy,none,,,,
WebToons,https://www.webtoons.com/en/drama/heirs-game/list?title_no=1445,Heir's Game,,title-unique,532417,Heir's Game,https://cdn.mangabaka.dev/imgproxy/plain/x250@1/aHR0cHM6Ly9tZWRpYS5raXRzdS5hcHAvbWFuZ2EvcG9zdGVyX2ltYWdlcy81ODA0My9vcmlnaW5hbC5qcGc,title-unique,532417,Heir's Game,https://cdn.mangabaka.dev/imgproxy/plain/x250@1/aHR0cHM6Ly9tZWRpYS5raXRzdS5hcHAvbWFuZ2EvcG9zdGVyX2ltYWdlcy81ODA0My9vcmlnaW5hbC5qcGc,none,,,,
WebToons,https://www.webtoons.com/en/mystery/senorita-cometa/list?title_no=3387,Señorita Cometa,,title-unique,372213,Senorita Cometa,https://cdn.mangabaka.dev/imgproxy/plain/x250@1/aHR0cHM6Ly9tZWRpYS5raXRzdS5hcHAvbWFuZ2EvNzIzNTMvcG9zdGVyX2ltYWdlLzM4ZjA4MGMwYWE4YjEyNzBlMTZkNWY2OWIyYzFkMTFmLndlYnA,title-unique,372213,Senorita Cometa,https://cdn.mangabaka.dev/imgproxy/plain/x250@1/aHR0cHM6Ly9tZWRpYS5raXRzdS5hcHAvbWFuZ2EvNzIzNTMvcG9zdGVyX2ltYWdlLzM4ZjA4MGMwYWE4YjEyNzBlMTZkNWY2OWIyYzFkMTFmLndlYnA,none,,,,
WebToons,https://www.webtoons.com/en/sf/in-the-bleak-midwinter/list?title_no=1946,In the Bleak Midwinter;,,title-unique,38973,In the Bleak Midwinter;,https://cdn.mangabaka.dev/imgproxy/plain/x250@1/aHR0cHM6Ly9tZWRpYS5raXRzdS5hcHAvbWFuZ2EvcG9zdGVyX2ltYWdlcy81NjQ0MS9vcmlnaW5hbC5wbmc,title-unique,38973,In the Bleak Midwinter;,https://cdn.mangabaka.dev/imgproxy/plain/x250@1/aHR0cHM6Ly9tZWRpYS5raXRzdS5hcHAvbWFuZ2EvcG9zdGVyX2ltYWdlcy81NjQ0MS9vcmlnaW5hbC5wbmc,none,,,,
WebToons,https://www.webtoons.com/en/supernatural/the-world-where-i-belong/list?title_no=1318,The World Where I Belong,,title-unique,66390,The World Where I Belong,https://cdn.mangabaka.dev/imgproxy/plain/x250@1/aHR0cHM6Ly9pbWFnZXMubWFuZ2FiYWthLmRldi82L2YvYS84L2UvYS83LzIvMDBhZi80Yzk3L2JkYjgvYzEwZmM1MGYyMjRj,title-unique,66390,The World Where I Belong,https://cdn.mangabaka.dev/imgproxy/plain/x250@1/aHR0cHM6Ly9pbWFnZXMubWFuZ2FiYWthLmRldi82L2YvYS84L2UvYS83LzIvMDBhZi80Yzk3L2JkYjgvYzEwZmM1MGYyMjRj,none,,,,
WebToons,https://www.webtoons.com/en/romance/the-distance-between-us/list?title_no=4738,The Distance Between Us,,link,124848,The Distance Between Us,https://cdn.mangabaka.dev/imgproxy/plain/x250@1/aHR0cHM6Ly9pbWFnZXMubWFuZ2FiYWthLmRldi8zL2MvNi85LzQvYS8zLzIvNTQ3OS80MDE0LzhlMzYvNDU5YTA2MDIwN2Vh,ambiguous,,,,ambiguous,,,,
WebToons,https://www.webtoons.com/en/thriller/ctrlz/list?title_no=2141,Ctrl+Z,,link,23962,Ctrl + Z,https://cdn.mangabaka.dev/imgproxy/plain/x250@1/aHR0cHM6Ly9pbWFnZXMubWFuZ2FiYWthLmRldi82L2YvMS8wLzIvZS85L2QvY2QxZi80OWMwL2E2MjUvZGI0MzU2ZjM1Mzdi,title-unique,23962,Ctrl + Z,https://cdn.mangabaka.dev/imgproxy/plain/x250@1/aHR0cHM6Ly9pbWFnZXMubWFuZ2FiYWthLmRldi82L2YvMS8wLzIvZS85L2QvY2QxZi80OWMwL2E2MjUvZGI0MzU2ZjM1Mzdi,title-unique,122537,Ctrl + Z,https://s4.anilist.co/file/anilistcdn/media/manga/cover/medium/bx122537-mdhSU2VJf7xj.jpg,
WebToons,https://www.webtoons.com/en/fantasy/the-masked-fables/list?title_no=2384,The Masked Fables,,title-unique,45852,The Masked Fables,https://cdn.mangabaka.dev/imgproxy/plain/x250@1/aHR0cHM6Ly9tZWRpYS5raXRzdS5hcHAvbWFuZ2EvcG9zdGVyX2ltYWdlcy82MDA4NC9vcmlnaW5hbC5qcGc,title-unique,45852,The Masked Fables,https://cdn.mangabaka.dev/imgproxy/plain/x250@1/aHR0cHM6Ly9tZWRpYS5raXRzdS5hcHAvbWFuZ2EvcG9zdGVyX2ltYWdlcy82MDA4NC9vcmlnaW5hbC5qcGc,none,,,,
WebToons,https://www.webtoons.com/en/fantasy/little-lady-mint/list?title_no=4441,Little Lady Mint,,link,50557,Little Lady Mint,https://cdn.mangabaka.dev/imgproxy/plain/x250@1/aHR0cHM6Ly9pbWFnZXMubWFuZ2FiYWthLmRldi8zL2IvOS9jLzYvMS85LzEvY2Q2Mi80ZmE2L2EwMGIvZjU5M2ZiNjBkODdi,title-unique,50557,Little Lady Mint,https://cdn.mangabaka.dev/imgproxy/plain/x250@1/aHR0cHM6Ly9pbWFnZXMubWFuZ2FiYWthLmRldi8zL2IvOS9jLzYvMS85LzEvY2Q2Mi80ZmE2L2EwMGIvZjU5M2ZiNjBkODdi,title-unique,144196,Sogongnyeo Mint,https://s4.anilist.co/file/anilistcdn/media/manga/cover/medium/bx144196-Y29Tup1KYo74.jpg,
WebToons,https://www.webtoons.com/en/drama/life-outside-the-circle/list?title_no=1260,Life Outside the Circle,,title-unique,528168,Life Outside the Circle,https://cdn.mangabaka.dev/imgproxy/plain/x250@1/aHR0cHM6Ly9tZWRpYS5raXRzdS5hcHAvbWFuZ2EvcG9zdGVyX2ltYWdlcy81NjE5My9vcmlnaW5hbC5wbmc,title-unique,528168,Life Outside the Circle,https://cdn.mangabaka.dev/imgproxy/plain/x250@1/aHR0cHM6Ly9tZWRpYS5raXRzdS5hcHAvbWFuZ2EvcG9zdGVyX2ltYWdlcy81NjE5My9vcmlnaW5hbC5wbmc,none,,,,
WebToons,https://www.webtoons.com/en/fantasy/under-the-aegis/list?title_no=436,Under the Aegis,,title-unique,529040,Under the Aegis,https://cdn.mangabaka.dev/imgproxy/plain/x250@1/aHR0cHM6Ly9tZWRpYS5raXRzdS5hcHAvbWFuZ2EvNjIwMjcvcG9zdGVyX2ltYWdlLzNlMGUwODczNWEzZTlmOGZhZWE1YTM1ZWE2Nzg2YTNmLmpwZw,title-unique,529040,Under the Aegis,https://cdn.mangabaka.dev/imgproxy/plain/x250@1/aHR0cHM6Ly9tZWRpYS5raXRzdS5hcHAvbWFuZ2EvNjIwMjcvcG9zdGVyX2ltYWdlLzNlMGUwODczNWEzZTlmOGZhZWE1YTM1ZWE2Nzg2YTNmLmpwZw,none,,,,
WebToons,https://www.webtoons.com/en/romance/salty-studio/list?title_no=74,Salty Studio,,link,18591,Salty Studio,https://cdn.mangabaka.dev/imgproxy/plain/x250@1/aHR0cHM6Ly9pbWFnZXMubWFuZ2FiYWthLmRldi83LzYvYy84L2QvZC9mLzkvY2Y2Zi80ZDM3LzkyMjUvMDQ3MTZlOTRlOTdi,title-unique,18591,Salty Studio,https://cdn.mangabaka.dev/imgproxy/plain/x250@1/aHR0cHM6Ly9pbWFnZXMubWFuZ2FiYWthLmRldi83LzYvYy84L2QvZC9mLzkvY2Y2Zi80ZDM3LzkyMjUvMDQ3MTZlOTRlOTdi,title-unique,86112,Studio Jjabjjorom,https://s4.anilist.co/file/anilistcdn/media/manga/cover/medium/bx86112-w0EUBUmlJGr4.png,
WebToons,https://www.webtoons.com/en/romance/amid-the-changing-seasons/list?title_no=5021,Amid the Changing Seasons,,link,110914,Amid the Changing Seasons,https://cdn.mangabaka.dev/imgproxy/plain/x250@1/aHR0cHM6Ly9zNC5hbmlsaXN0LmNvL2ZpbGUvYW5pbGlzdGNkbi9tZWRpYS9tYW5nYS9jb3Zlci9sYXJnZS9ieDEyMDgzNy1oUjlHN1Z4dEFlQWkuanBn,title-unique,110914,Amid the Changing Seasons,https://cdn.mangabaka.dev/imgproxy/plain/x250@1/aHR0cHM6Ly9zNC5hbmlsaXN0LmNvL2ZpbGUvYW5pbGlzdGNkbi9tZWRpYS9tYW5nYS9jb3Zlci9sYXJnZS9ieDEyMDgzNy1oUjlHN1Z4dEFlQWkuanBn,title-unique,120837,Meguru Meku Kisetsu no Naka de,https://s4.anilist.co/file/anilistcdn/media/manga/cover/medium/bx120837-hR9G7VxtAeAi.jpg,
WebToons,https://www.webtoons.com/en/drama/daytime-star/list?title_no=3908,Daytime Star,,link,3671,Daytime Star,https://cdn.mangabaka.dev/imgproxy/plain/x250@1/aHR0cHM6Ly9pbWFnZXMubWFuZ2FiYWthLmRldi85L2QvMS9jLzUvOC9jLzkvMGQ0Ny80OTZlLzhlN2YvZTE2ZjRmZGVkMDk4,title-unique,3671,Daytime Star,https://cdn.mangabaka.dev/imgproxy/plain/x250@1/aHR0cHM6Ly9pbWFnZXMubWFuZ2FiYWthLmRldi85L2QvMS9jLzUvOC9jLzkvMGQ0Ny80OTZlLzhlN2YvZTE2ZjRmZGVkMDk4,title-unique,143003,Naje Tteuneun Byeol,https://s4.anilist.co/file/anilistcdn/media/manga/cover/medium/bx143003-a7qgBkkS56iI.jpg,
WebToons,https://www.webtoons.com/en/romance/muerte-no-escrita/list?title_no=3201,Unwritten Death,,title-unique,322033,Unwritten Death,https://cdn.mangabaka.dev/imgproxy/plain/x250@1/aHR0cHM6Ly9tZWRpYS5raXRzdS5hcHAvbWFuZ2EvNjE4NTcvcG9zdGVyX2ltYWdlLzlkOGEyODk5NDVkY2E4MWRlNDllNzU3NDI2NzBjZTVkLnBuZw,title-unique,322033,Unwritten Death,https://cdn.mangabaka.dev/imgproxy/plain/x250@1/aHR0cHM6Ly9tZWRpYS5raXRzdS5hcHAvbWFuZ2EvNjE4NTcvcG9zdGVyX2ltYWdlLzlkOGEyODk5NDVkY2E4MWRlNDllNzU3NDI2NzBjZTVkLnBuZw,none,,,,
WebToons,https://www.webtoons.com/en/thriller/stealing-her-place/list?title_no=6545,Stealing Her Place,,link,77680,Stealing Her Place,https://cdn.mangabaka.dev/imgproxy/plain/x250@1/aHR0cHM6Ly9pbWFnZXMubWFuZ2FiYWthLmRldi9kLzQvZS85L2IvZS9mLzMvYjZhMS80Y2NjL2JmZTkvMjE0OTE0MzVhZmU4,title-unique,77680,Stealing Her Place,https://cdn.mangabaka.dev/imgproxy/plain/x250@1/aHR0cHM6Ly9pbWFnZXMubWFuZ2FiYWthLmRldi9kLzQvZS85L2IvZS9mLzMvYjZhMS80Y2NjL2JmZTkvMjE0OTE0MzVhZmU4,title-unique,177206,Sohee Stealing,https://s4.anilist.co/file/anilistcdn/media/manga/cover/medium/bx177206-7heokq0iYl4I.jpg,
WebToons,https://www.webtoons.com/en/comedy/principals-livestream/list?title_no=4261,Principal's Livestream,,link,54665,Principal's Livestream,https://cdn.mangabaka.dev/imgproxy/plain/x250@1/aHR0cHM6Ly9pbWFnZXMubWFuZ2FiYWthLmRldi85LzgvNC9jL2QvMS9iLzMvMTMwMi80YjE2L2FiMDMvZmY5YjgwODZlYjJm,title-unique,54665,Principal's Livestream,https://cdn.mangabaka.dev/imgproxy/plain/x250@1/aHR0cHM6Ly9pbWFnZXMubWFuZ2FiYWthLmRldi85LzgvNC9jL2QvMS9iLzMvMTMwMi80YjE2L2FiMDMvZmY5YjgwODZlYjJm,title-unique,152312,Gwanjonggyojang,https://s4.anilist.co/file/anilistcdn/media/manga/cover/medium/bx152312-cztaPdlt8QGs.png,
WebToons,https://www.webtoons.com/en/romance/how-far-can-we-go/list?title_no=7303,How Far Can We Go?,,link,90337,How Far Can We Go?,https://cdn.mangabaka.dev/imgproxy/plain/x250@1/aHR0cHM6Ly9pbWFnZXMubWFuZ2FiYWthLmRldi80LzQvYy9mLzEvNC82LzgvMmFmNC80ZTMxL2JlNzAvMDE2MDVmZDIzZTNh,title-unique,90337,How Far Can We Go?,https://cdn.mangabaka.dev/imgproxy/plain/x250@1/aHR0cHM6Ly9pbWFnZXMubWFuZ2FiYWthLmRldi80LzQvYy9mLzEvNC82LzgvMmFmNC80ZTMxL2JlNzAvMDE2MDVmZDIzZTNh,title-unique,180997,"Bubu, Eodikkaji Ganeunghae?",https://s4.anilist.co/file/anilistcdn/media/manga/cover/medium/bx180997-Ac3o1FdAdYhT.jpg,
WebToons,https://www.webtoons.com/en/drama/adopting-a-zombie/list?title_no=7062,Adopting a Zombie,,title-unique,507998,Adopting a Zombie,https://cdn.mangabaka.dev/imgproxy/plain/x250@1/aHR0cHM6Ly9hcC1wcm94eS5tYW5nYWJha2EuZGV2L3Byb3h5LnBocD91cmw9aHR0cHM6Ly9jZG4uYW5pbWUtcGxhbmV0LmNvbS9tYW5nYS9wcmltYXJ5L2Fkb3B0aW5nLWEtem9tYmllLTEud2VicD90PTE3MzUxNDg1Nzc,title-unique,507998,Adopting a Zombie,https://cdn.mangabaka.dev/imgproxy/plain/x250@1/aHR0cHM6Ly9hcC1wcm94eS5tYW5nYWJha2EuZGV2L3Byb3h5LnBocD91cmw9aHR0cHM6Ly9jZG4uYW5pbWUtcGxhbmV0LmNvbS9tYW5nYS9wcmltYXJ5L2Fkb3B0aW5nLWEtem9tYmllLTEud2VicD90PTE3MzUxNDg1Nzc,none,,,,
WebToons,https://www.webtoons.com/en/romance/cupids-arrows/list?title_no=1538,Cupid's Arrows,,none,,,,none,,,,none,,,,
WebToons,https://www.webtoons.com/en/fantasy/webtoon-greenlight/list?title_no=1988,WEBTOON GREENLiGHT,,none,,,,none,,,,none,,,,
WebToons,https://www.webtoons.com/en/drama/our-time/list?title_no=3600,Our Time,,link,114499,Our Time,https://cdn.mangabaka.dev/imgproxy/plain/x250@1/aHR0cHM6Ly9pbWFnZXMubWFuZ2FiYWthLmRldi9mLzMvNS9jL2MvZi82LzUvMDVmOS80NWQyLzkzYmIvNDBiYzVjMzdkZmI5,ambiguous,,,,title-unique,200280,Our Time,https://s4.anilist.co/file/anilistcdn/media/manga/cover/medium/bx200280-XLBFYbuNeFeO.jpg,
WebToons,https://www.webtoons.com/en/drama/family-man/list?title_no=85,FAMILY MAN,,link,11872,FAMILY MAN,https://cdn.mangabaka.dev/imgproxy/plain/x250@1/aHR0cHM6Ly9pbWFnZXMubWFuZ2FiYWthLmRldi83LzYvMy9mL2EvYS80L2QvMDFjZS80YWUwLzlkOTAvMTExMDdjNWNkYWJk,title-unique,11872,FAMILY MAN,https://cdn.mangabaka.dev/imgproxy/plain/x250@1/aHR0cHM6Ly9pbWFnZXMubWFuZ2FiYWthLmRldi83LzYvMy9mL2EvYS80L2QvMDFjZS80YWUwLzlkOTAvMTExMDdjNWNkYWJk,title-unique,65585,Family Man,https://s4.anilist.co/file/anilistcdn/media/manga/cover/medium/bx65585-r2WmeK9zNFyC.png,
WebToons,https://www.webtoons.com/en/romance/random-target/list?title_no=5812,Random Target,,link,68107,Random Target,https://cdn.mangabaka.dev/imgproxy/plain/x250@1/aHR0cHM6Ly9pbWFnZXMubWFuZ2FiYWthLmRldi8xLzEvNC8yLzgvZS82LzEvZDYyYy80OTJlL2FhOWMvMWQ5MGY3YTNkMjE2,title-unique,68107,Random Target,https://cdn.mangabaka.dev/imgproxy/plain/x250@1/aHR0cHM6Ly9pbWFnZXMubWFuZ2FiYWthLmRldi8xLzEvNC8yLzgvZS82LzEvZDYyYy80OTJlL2FhOWMvMWQ5MGY3YTNkMjE2,title-unique,176696,Random Target,https://s4.anilist.co/file/anilistcdn/media/manga/cover/medium/bx176696-C518AB5SAorq.png,
WebToons,https://www.webtoons.com/en/drama/i-love-yoo/list?title_no=986,I Love Yoo,,title-unique,25721,I Love Yoo,https://cdn.mangabaka.dev/imgproxy/plain/x250@1/aHR0cHM6Ly9pbWFnZXMubWFuZ2FiYWthLmRldi9jL2UvMS84LzkvNy9lL2EvMWE2Yy80M2YwLzg5YjQvNTU2ZDZhZmJkNDNk,title-unique,25721,I Love Yoo,https://cdn.mangabaka.dev/imgproxy/plain/x250@1/aHR0cHM6Ly9pbWFnZXMubWFuZ2FiYWthLmRldi9jL2UvMS84LzkvNy9lL2EvMWE2Yy80M2YwLzg5YjQvNTU2ZDZhZmJkNDNk,none,,,,
