module,link,title,authors,dump_conf,dump_id,dump_title,dump_cover,mb_api_conf,mb_api_id,mb_api_title,mb_api_cover,anilist_conf,anilist_id,anilist_title,anilist_cover,mangadex_links
MangaDex,https://mangadex.org/title/1830a42c-4cdf-46c8-b13c-431d7b4d2728,Touhou - A Hot Moment (Doujinshi),"ForestRest (Circle), Morino Hon",title+author,34490,Touhou Project dj - Hot Hitotoki,https://cdn.mangabaka.dev/imgproxy/plain/x250@1/aHR0cHM6Ly9jZG4ubWFuZ2F1cGRhdGVzLmNvbS9pbWFnZS9pMjU3MzA1LmpwZw,none,,,,none,,,,{}
MangaDex,https://mangadex.org/title/c2e8279b-5122-40cf-a2d2-97e134124372,Kaichou no Iinari!,Syati Kamaboko,cross-id,137697,Kaichou no Iinari!,https://cdn.mangabaka.dev/imgproxy/plain/x250@1/aHR0cHM6Ly9zNC5hbmlsaXN0LmNvL2ZpbGUvYW5pbGlzdGNkbi9tZWRpYS9tYW5nYS9jb3Zlci9tZWRpdW0vMjI5NzYuanBn,author-conflict,,,,author-conflict,,,,"{""al"": ""52976"", ""kt"": ""14252"", ""mu"": ""kfj8y83"", ""mal"": ""22976""}"
MangaDex,https://mangadex.org/title/f2654c91-6501-4a60-aeb4-8cf31a1e4abd,Sense no (Kari) Oshigoto,"Aomaru Nana, Aomaru",cross-id,57299,The Job Of A (Temporary) Teacher,https://cdn.mangabaka.dev/imgproxy/plain/x250@1/aHR0cHM6Ly9zNC5hbmlsaXN0LmNvL2ZpbGUvYW5pbGlzdGNkbi9tZWRpYS9tYW5nYS9jb3Zlci9sYXJnZS9ieDEyMzkzNS1HZWJCUjhhOXFpTFIuanBn,none,,,,title+author,123935,Sense (Kari) no Oshigoto,https://s4.anilist.co/file/anilistcdn/media/manga/cover/medium/bx123935-GebBR8a9qiLR.jpg,"{""mu"": ""nozmi93""}"
MangaDex,https://mangadex.org/title/3d5b0047-f961-455f-80a9-7c97236137af,Only One Magazine,Jeong Se-Chan,cross-id,106764,Soul Magazine,https://cdn.mangabaka.dev/imgproxy/plain/x250@1/aHR0cHM6Ly9zNC5hbmlsaXN0LmNvL2ZpbGUvYW5pbGlzdGNkbi9tZWRpYS9tYW5nYS9jb3Zlci9sYXJnZS9ieDE4OTc3MC14NGExVmdPNTg0RlcuanBn,title+author,106764,Soul Magazine,https://cdn.mangabaka.dev/imgproxy/plain/x250@1/aHR0cHM6Ly9zNC5hbmlsaXN0LmNvL2ZpbGUvYW5pbGlzdGNkbi9tZWRpYS9tYW5nYS9jb3Zlci9sYXJnZS9ieDE4OTc3MC14NGExVmdPNTg0RlcuanBn,title+author,189770,Hanappunin Tanchang,https://s4.anilist.co/file/anilistcdn/media/manga/cover/medium/bx189770-x4a1VgO584FW.jpg,"{""mu"": ""fn0fse2""}"
MangaDex,https://mangadex.org/title/71008ba1-2e55-46b6-9074-e3571a124cae,Oniichan ha Oshimai - Petit Onimai Manga! (Doujinshi),Yuu Kurema,none,,,,none,,,,none,,,,{}
MangaDex,https://mangadex.org/title/e52f8c2b-30d0-4ded-9557-fed719987fab,Miracle Ball,Nagatoshi Yasunari,cross-id,61246,Miracle Ball,https://cdn.mangabaka.dev/imgproxy/plain/x250@1/aHR0cHM6Ly9zNC5hbmlsaXN0LmNvL2ZpbGUvYW5pbGlzdGNkbi9tZWRpYS9tYW5nYS9jb3Zlci9sYXJnZS9ieDE0MjYzNi1CN2tvb1FKbE9nWGIuanBn,title+author,61246,Miracle Ball,https://cdn.mangabaka.dev/imgproxy/plain/x250@1/aHR0cHM6Ly9zNC5hbmlsaXN0LmNvL2ZpbGUvYW5pbGlzdGNkbi9tZWRpYS9tYW5nYS9jb3Zlci9sYXJnZS9ieDE0MjYzNi1CN2tvb1FKbE9nWGIuanBn,title+author,142636,Miracle Ball,https://s4.anilist.co/file/anilistcdn/media/manga/cover/medium/bx142636-B7kooQJlOgXb.jpg,"{""al"": ""142636"", ""kt"": ""miracle-ball"", ""mu"": ""6hzbb75"", ""mal"": ""141846""}"
MangaDex,https://mangadex.org/title/b26f3d6e-bd29-4b6c-9526-39a04c4c91ca,Namaiki na Imouto o Otosu Houhou,Airandou,cross-id,119465,Namaiki na Imouto wo Otosu Houhou,https://cdn.mangabaka.dev/imgproxy/plain/x250@1/aHR0cHM6Ly9zNC5hbmlsaXN0LmNvL2ZpbGUvYW5pbGlzdGNkbi9tZWRpYS9tYW5nYS9jb3Zlci9sYXJnZS9ieDEzMzEyNi03RDU5TUZVemNJekIuanBn,title+author,119465,Namaiki na Imouto wo Otosu Houhou,https://cdn.mangabaka.dev/imgproxy/plain/x250@1/aHR0cHM6Ly9zNC5hbmlsaXN0LmNvL2ZpbGUvYW5pbGlzdGNkbi9tZWRpYS9tYW5nYS9jb3Zlci9sYXJnZS9ieDEzMzEyNi03RDU5TUZVemNJekIuanBn,title+author,133126,Namaiki na Imouto wo Otosu Houhou,https://s4.anilist.co/file/anilistcdn/media/manga/cover/medium/bx133126-7D59MFUzcIzB.jpg,"{""al"": ""133126""}"
MangaDex,https://mangadex.org/title/cb3b53b5-f0a3-48ad-982e-4cb1fc3fadaa,Ore no Tonari no Kawaii Kemono,Asatani Kotori,title+author,41297,The Cute Little Monster Next Door,https://cdn.mangabaka.dev/imgproxy/plain/x250@1/aHR0cHM6Ly9zNC5hbmlsaXN0LmNvL2ZpbGUvYW5pbGlzdGNkbi9tZWRpYS9tYW5nYS9jb3Zlci9sYXJnZS9ieDEzNzc3NS1CdGh0TFBZMkh2V0suanBn,title+author,41297,The Cute Little Monster Next Door,https://cdn.mangabaka.dev/imgproxy/plain/x250@1/aHR0cHM6Ly9zNC5hbmlsaXN0LmNvL2ZpbGUvYW5pbGlzdGNkbi9tZWRpYS9tYW5nYS9jb3Zlci9sYXJnZS9ieDEzNzc3NS1CdGh0TFBZMkh2V0suanBn,title+author,137775,Ore no Tonari no Kawaii Kemono,https://s4.anilist.co/file/anilistcdn/media/manga/cover/medium/bx137775-BthtLPY2HvWK.jpg,{}
MangaDex,https://mangadex.org/title/7ae17c0b-c29e-4430-9348-61e2b8af76fa,Hidamari Sketch - Marugoshi Yunocchi (Doujinshi),Hima Risu,author-conflict,,,,none,,,,none,,,,{}
MangaDex,https://mangadex.org/title/64d0de3e-cdc2-4df8-b70b-b5ec90479a60,Tora to Hachidori,MB,cross-id,7077,Tiger and Hummingbird,https://cdn.mangabaka.dev/imgproxy/plain/x250@1/aHR0cHM6Ly9zNC5hbmlsaXN0LmNvL2ZpbGUvYW5pbGlzdGNkbi9tZWRpYS9tYW5nYS9jb3Zlci9sYXJnZS9ieDExMTg2Ny1jZkJqTzF4dWU4SmEuanBn,title+author,7077,Tiger and Hummingbird,https://cdn.mangabaka.dev/imgproxy/plain/x250@1/aHR0cHM6Ly9zNC5hbmlsaXN0LmNvL2ZpbGUvYW5pbGlzdGNkbi9tZWRpYS9tYW5nYS9jb3Zlci9sYXJnZS9ieDExMTg2Ny1jZkJqTzF4dWU4SmEuanBn,title+author,111867,Tora to Hachidori,https://s4.anilist.co/file/anilistcdn/media/manga/cover/medium/bx111867-cfBjO1xue8Ja.jpg,"{""al"": ""111867"", ""ap"": ""tora-to-hachidori"", ""mu"": ""9nx9oxv"", ""mal"": ""153659""}"
MangaDex,https://mangadex.org/title/f2cb9465-c314-46a3-97fd-05210d3af0a7,The Scholar's Reincarnation,Yu Hyun So (소유현),cross-id,2723,Reborn as a Scholar,https://cdn.mangabaka.dev/imgproxy/plain/x250@1/aHR0cHM6Ly9pbWFnZXMubWFuZ2FiYWthLmRldi8zLzEvMS84LzMvOS8wL2QvOTc1OS80N2VkL2I3MGUvYzJmZGQyYjk3MDdk,title+author,2723,Reborn as a Scholar,https://cdn.mangabaka.dev/imgproxy/plain/x250@1/aHR0cHM6Ly9pbWFnZXMubWFuZ2FiYWthLmRldi8zLzEvMS84LzMvOS8wL2QvOTc1OS80N2VkL2I3MGUvYzJmZGQyYjk3MDdk,title+author,97770,Hagsajaesaeng,https://s4.anilist.co/file/anilistcdn/media/manga/cover/medium/bx97770-weDchWK871LI.jpg,"{""al"": ""97770"", ""ap"": ""reborn-as-a-scholar"", ""kt"": ""38801"", ""mu"": ""mxtfjrx"", ""mal"": ""147924""}"
MangaDex,https://mangadex.org/title/eb6c132d-c78e-4fcb-9f9f-f19196a6e174,Rainbow Prelude,Tezuka Osamu,cross-id,51855,Niji no Prelude,https://cdn.mangabaka.dev/imgproxy/plain/x250@1/aHR0cHM6Ly9zNC5hbmlsaXN0LmNvL2ZpbGUvYW5pbGlzdGNkbi9tZWRpYS9tYW5nYS9jb3Zlci9tZWRpdW0vMjIyNjIuanBn,title+author,51855,Niji no Prelude,https://cdn.mangabaka.dev/imgproxy/plain/x250@1/aHR0cHM6Ly9zNC5hbmlsaXN0LmNvL2ZpbGUvYW5pbGlzdGNkbi9tZWRpYS9tYW5nYS9jb3Zlci9tZWRpdW0vMjIyNjIuanBn,title+author,52262,Niji no Prelude,https://s4.anilist.co/file/anilistcdn/media/manga/cover/medium/22262.jpg,"{""al"": ""52262"", ""kt"": ""13157"", ""mu"": ""awzcrk3"", ""mal"": ""22262""}"
MangaDex,https://mangadex.org/title/e0bbd93b-c193-427b-aeec-2f41c6a26474,Kami wa Saibu ni Yadoru no yo,Kuze Banko,cross-id,62602,Kami wa Saibu ni Yadoru no yo,https://cdn.mangabaka.dev/imgproxy/plain/x250@1/aHR0cHM6Ly9zNC5hbmlsaXN0LmNvL2ZpbGUvYW5pbGlzdGNkbi9tZWRpYS9tYW5nYS9jb3Zlci9sYXJnZS9ieDEzMTU0MC1ueVBVQ0t0YWRaUDguanBn,title+author,62602,Kami wa Saibu ni Yadoru no yo,https://cdn.mangabaka.dev/imgproxy/plain/x250@1/aHR0cHM6Ly9zNC5hbmlsaXN0LmNvL2ZpbGUvYW5pbGlzdGNkbi9tZWRpYS9tYW5nYS9jb3Zlci9sYXJnZS9ieDEzMTU0MC1ueVBVQ0t0YWRaUDguanBn,title+author,131540,Kami wa Saibu ni Yadoru no yo,https://s4.anilist.co/file/anilistcdn/media/manga/cover/medium/bx131540-nyPUCKtadZP8.jpg,"{""al"": ""131540"", ""mu"": ""oun9jqq"", ""mal"": ""151214""}"
MangaDex,https://mangadex.org/title/c43ed48a-a278-42d6-a108-25c138eac164,Yume Yume☆Yuu Yuu,Hanamori Pink,cross-id,20634,Dream Dream You You,https://cdn.mangabaka.dev/imgproxy/plain/x250@1/aHR0cHM6Ly9zNC5hbmlsaXN0LmNvL2ZpbGUvYW5pbGlzdGNkbi9tZWRpYS9tYW5nYS9jb3Zlci9sYXJnZS9ieDMxNzk4LTFkWEE0MVZHWUhrQi5qcGc,title+author,20634,Dream Dream You You,https://cdn.mangabaka.dev/imgproxy/plain/x250@1/aHR0cHM6Ly9zNC5hbmlsaXN0LmNvL2ZpbGUvYW5pbGlzdGNkbi9tZWRpYS9tYW5nYS9jb3Zlci9sYXJnZS9ieDMxNzk4LTFkWEE0MVZHWUhrQi5qcGc,none,,,,"{""al"": ""31798"", ""ap"": ""yume-yume-you-you"", ""kt"": ""3798"", ""mu"": ""av3nd75"", ""mal"": ""1798""}"
MangaDex,https://mangadex.org/title/2a6692bb-3304-4c7f-ae94-09d79da611ed,Fudanshism - Fudanshi Shugi,Morishige,cross-id,12831,Fudanshism,https://cdn.mangabaka.dev/imgproxy/plain/x250@1/aHR0cHM6Ly9pbWFnZXMubWFuZ2FiYWthLmRldi9jL2UvOS8xLzIvZi80L2IvNGY0Zi80ODZiL2EzZWUvNmFkMjM1ODIyYTUy,title+author,12831,Fudanshism,https://cdn.mangabaka.dev/imgproxy/plain/x250@1/aHR0cHM6Ly9pbWFnZXMubWFuZ2FiYWthLmRldi9jL2UvOS8xLzIvZi80L2IvNGY0Zi80ODZiL2EzZWUvNmFkMjM1ODIyYTUy,title+author,43459,Fudanshism: Fudanshi Shugi,https://s4.anilist.co/file/anilistcdn/media/manga/cover/medium/13459.jpg,"{""al"": ""43459"", ""ap"": ""fudanshism-fudanshi-shugi"", ""kt"": ""24122"", ""mu"": ""53345w8"", ""mal"": ""13459""}"
MangaDex,https://mangadex.org/title/e692d322-d439-4b36-a571-8300c9d20ed5,Son of Godzilla,Sekizawa Shinichi,none,,,,none,,,,none,,,,{}
MangaDex,https://mangadex.org/title/e404c782-f954-47df-9cab-774c42ad9dc7,Snow Prison,Jiuchuan Comics (九川动漫),cross-id,79211,Snow Prison,https://cdn.mangabaka.dev/imgproxy/plain/x250@1/aHR0cHM6Ly9hcC1wcm94eS5tYW5nYWJha2EuZGV2L3Byb3h5LnBocD91cmw9aHR0cHM6Ly9jZG4uYW5pbWUtcGxhbmV0LmNvbS9tYW5nYS9wcmltYXJ5L3Nub3ctcHJpc29uLTEud2VicD90PTE3MjgwMTQ3MDk,author-conflict,,,,none,,,,"{""mu"": ""7comv0r""}"
MangaDex,https://mangadex.org/title/70a0e09c-b5fc-4cb5-b5b2-80c27c81846b,Infinite Stratos - Nantetatte Heroine's (Doujinshi),"Air x Gravity (Circle), Bibi",title+author,21803,Infinite Stratos dj - Nantetatte Heroine's!,https://cdn.mangabaka.dev/imgproxy/plain/x250@1/aHR0cHM6Ly9jZG4ubWFuZ2F1cGRhdGVzLmNvbS9pbWFnZS9pNDU1MjY0LmpwZw,none,,,,none,,,,{}
MangaDex,https://mangadex.org/title/4c7ff100-df0e-4ddf-ab5b-3edd50e2ec8f,Kimiarite Koufuku,Yamada Bukuro,cross-id,59020,You Are My Happiness,https://cdn.mangabaka.dev/imgproxy/plain/x250@1/aHR0cHM6Ly9zNC5hbmlsaXN0LmNvL2ZpbGUvYW5pbGlzdGNkbi9tZWRpYS9tYW5nYS9jb3Zlci9sYXJnZS9ieDEyMDA4NS1OMklONG8yVjM3amwuanBn,title+author,59020,You Are My Happiness,https://cdn.mangabaka.dev/imgproxy/plain/x250@1/aHR0cHM6Ly9zNC5hbmlsaXN0LmNvL2ZpbGUvYW5pbGlzdGNkbi9tZWRpYS9tYW5nYS9jb3Zlci9sYXJnZS9ieDEyMDA4NS1OMklONG8yVjM3amwuanBn,none,,,,"{""al"": ""120085"", ""ap"": ""you-are-my-happiness"", ""mu"": ""p0998al"", ""mal"": ""141926""}"
MangaDex,https://mangadex.org/title/7c9a5918-a499-4fc2-bc8b-ca8c1179b16b,Hannah Nala,Egi Mugia,cross-id,48746,Hannah Nala,https://cdn.mangabaka.dev/imgproxy/plain/x250@1/aHR0cHM6Ly9jZG4ubWFuZ2F1cGRhdGVzLmNvbS9pbWFnZS9pMzUwNDg0LmpwZw,ambiguous,,,,none,,,,"{""mu"": ""wcjtawa""}"
MangaDex,https://mangadex.org/title/2f5ceeb7-cf60-428d-afc6-e4945791c1c8,Pon! to Kimaira,Asano Rin,cross-id,60472,Pon! to Kimaira,https://cdn.mangabaka.dev/imgproxy/plain/x250@1/aHR0cHM6Ly9zNC5hbmlsaXN0LmNvL2ZpbGUvYW5pbGlzdGNkbi9tZWRpYS9tYW5nYS9jb3Zlci9sYXJnZS9ieDEwNTE1NC1YM2ZJV2xCT2RrY0ouanBn,title+author,60472,Pon! to Kimaira,https://cdn.mangabaka.dev/imgproxy/plain/x250@1/aHR0cHM6Ly9zNC5hbmlsaXN0LmNvL2ZpbGUvYW5pbGlzdGNkbi9tZWRpYS9tYW5nYS9jb3Zlci9sYXJnZS9ieDEwNTE1NC1YM2ZJV2xCT2RrY0ouanBn,title+author,105154,Pon! to Kimaira,https://s4.anilist.co/file/anilistcdn/media/manga/cover/medium/bx105154-X3fIWlBOdkcJ.jpg,"{""al"": ""105154"", ""mu"": ""4dkmh5f""}"
MangaDex,https://mangadex.org/title/cfa01a8e-0f54-4cfb-8e87-0f93d539a20c,Kajika,Toriyama Akira,cross-id,14589,Kajika,https://cdn.mangabaka.dev/imgproxy/plain/x250@1/aHR0cHM6Ly9zNC5hbmlsaXN0LmNvL2ZpbGUvYW5pbGlzdGNkbi9tZWRpYS9tYW5nYS9jb3Zlci9sYXJnZS9ieDMwODk2LW1HVmJxZzRlTXh1NC5wbmc,title+author,14589,Kajika,https://cdn.mangabaka.dev/imgproxy/plain/x250@1/aHR0cHM6Ly9zNC5hbmlsaXN0LmNvL2ZpbGUvYW5pbGlzdGNkbi9tZWRpYS9tYW5nYS9jb3Zlci9sYXJnZS9ieDMwODk2LW1HVmJxZzRlTXh1NC5wbmc,title+author,30896,Kajika,https://s4.anilist.co/file/anilistcdn/media/manga/cover/medium/bx30896-mGVbqg4eMxu4.png,"{""al"": ""30896"", ""ap"": ""kajika"", ""kt"": ""1953"", ""mu"": ""gbntsvx"", ""mal"": ""896""}"
MangaDex,https://mangadex.org/title/0908a4fa-314c-4348-987b-d5f80b4ba2d3,Ghost Teller,QTT,cross-id,25482,Ghost Teller,https://cdn.mangabaka.dev/imgproxy/plain/x250@1/aHR0cHM6Ly9pbWFnZXMubWFuZ2FiYWthLmRldi85LzEvOS9hLzMvOS8zL2MvY2VmZC80ZTQxL2EwMjYvMDgxNDA3MDkxMDll,title+author,25482,Ghost Teller,https://cdn.mangabaka.dev/imgproxy/plain/x250@1/aHR0cHM6Ly9pbWFnZXMubWFuZ2FiYWthLmRldi85LzEvOS9hLzMvOS8zL2MvY2VmZC80ZTQxL2EwMjYvMDgxNDA3MDkxMDll,title+author,102354,Gwijeongudam,https://s4.anilist.co/file/anilistcdn/media/manga/cover/medium/bx102354-j7IaJCSxP0dt.jpg,"{""al"": ""102354"", ""ap"": ""ghost-teller"", ""kt"": ""40361"", ""mu"": ""s9n6z1b"", ""mal"": ""131171""}"
MangaDex,https://mangadex.org/title/e2f4f473-d012-4532-83bb-a7f27e1b0d6c,The Idolm@ster Cinderella Girls - Sunazuka Akira Hankouki Shishunki x Keisei Furyou (Doujinshi),"haison, heijitu",none,,,,none,,,,none,,,,{}
MangaDex,https://mangadex.org/title/48f3807f-4ebd-4fc9-959b-6341ab752d55,Exclusive Furnace of Future Empresses,Island Project (岛上project),cross-id,58921,Weilai Nüdi Men De Zhuan Shu Lu Ding,https://cdn.mangabaka.dev/imgproxy/plain/x250@1/aHR0cHM6Ly9zNC5hbmlsaXN0LmNvL2ZpbGUvYW5pbGlzdGNkbi9tZWRpYS9tYW5nYS9jb3Zlci9tZWRpdW0vYjE2MTY4Ny1LakRuWFFQeTIxQTIuanBn,author-conflict,,,,author-conflict,,,,"{""mu"": ""5lrmyw5""}"
MangaDex,https://mangadex.org/title/94e069a5-0062-49c9-b9dc-cb5cd9118437,Naruto - Twilight's Insanity (Doujinshi),"10-RANKAI (Circle), EMI",cross-id,43261,Naruto dj - Hakumei no Kyouki,https://cdn.mangabaka.dev/imgproxy/plain/x250@1/aHR0cHM6Ly9jZG4ubWFuZ2F1cGRhdGVzLmNvbS9pbWFnZS9pMzM1NTYwLmpwZw,none,,,,none,,,,"{""mu"": ""7fmd0uw""}"
MangaDex,https://mangadex.org/title/04640db0-7156-48a1-8b3c-5f61c3676461,Ajisaka Densetsu,Okiu (おくい),none,,,,none,,,,none,,,,{}
MangaDex,https://mangadex.org/title/9243f069-8789-4ae7-b55d-cc60da3f9896,Haikyu!! - Good Boy! (Doujinshi),"Kuroto (黒兎), Kakusei Desire (Circle)",cross-id,192740,Haikyu!! dj - Good Boy!,https://cdn.mangabaka.dev/imgproxy/plain/x250@1/aHR0cHM6Ly9jZG4ubWFuZ2F1cGRhdGVzLmNvbS9pbWFnZS9pMjQ3OTU4LmpwZw,none,,,,none,,,,"{""mu"": ""53dn68j""}"
MangaDex,https://mangadex.org/title/16b27cc8-52aa-41ca-bc5a-da14755685ea,I Became the Lady of a Cursed Duchy,"SS.Kim, Nessa",cross-id,76427,Becoming the Lady of the Cursed Ducal House,https://cdn.mangabaka.dev/imgproxy/plain/x250@1/aHR0cHM6Ly9pbWFnZXMubWFuZ2FiYWthLmRldi9mLzcvNS8zLzQvYS9hLzEvZjljNC80YWM2LzhmNDUvNTlkYmU1MTBjMmU2,author-conflict,,,,none,,,,"{""ap"": ""becoming-the-lady-of-the-cursed-ducal-house"", ""mu"": ""mh85li3""}"
MangaDex,https://mangadex.org/title/fd7b80ac-ff5b-49ba-89fd-c0515565c63f,Chiisakute Yawarakai Tokoro,Guts Shihan,none,,,,none,,,,none,,,,{}
MangaDex,https://mangadex.org/title/60dcbbb9-6877-4031-bca7-c80cf5e12c03,Tsuda Memo,Hayakawa Nojiko,cross-id,35857,Tsuda Memo,https://cdn.mangabaka.dev/imgproxy/plain/x250@1/aHR0cHM6Ly9zNC5hbmlsaXN0LmNvL2ZpbGUvYW5pbGlzdGNkbi9tZWRpYS9tYW5nYS9jb3Zlci9tZWRpdW0vNDgyOTEuanBn,title+author,35857,Tsuda Memo,https://cdn.mangabaka.dev/imgproxy/plain/x250@1/aHR0cHM6Ly9zNC5hbmlsaXN0LmNvL2ZpbGUvYW5pbGlzdGNkbi9tZWRpYS9tYW5nYS9jb3Zlci9tZWRpdW0vNDgyOTEuanBn,title+author,78291,Tsuda Memo,https://s4.anilist.co/file/anilistcdn/media/manga/cover/medium/48291.jpg,"{""al"": ""78291"", ""ap"": ""tsuda-memo"", ""kt"": ""5810"", ""mu"": ""veqonz5""}"
MangaDex,https://mangadex.org/title/1dc4e245-a7a4-45c0-a4df-56cd389c1436,Videl VS Spopovich,Yamamoto,none,,,,none,,,,none,,,,{}
MangaDex,https://mangadex.org/title/a5ba5e1c-4886-48d8-a331-e2e4193cf6f5,Neko Gurashi no Gamer-san,Nadatani Wataru,cross-id,35331,Cat + Gamer,https://cdn.mangabaka.dev/imgproxy/plain/x250@1/aHR0cHM6Ly9pbWFnZXMubWFuZ2FiYWthLmRldi85L2QvMS9mLzYvZi9mL2EvN2NjNS80Y2JkLzg5ZjQvMmU4ZGExY2ZjNjc3,title+author,35331,Cat + Gamer,https://cdn.mangabaka.dev/imgproxy/plain/x250@1/aHR0cHM6Ly9pbWFnZXMubWFuZ2FiYWthLmRldi85L2QvMS9mLzYvZi9mL2EvN2NjNS80Y2JkLzg5ZjQvMmU4ZGExY2ZjNjc3,title+author,111304,Neko Gurashi no Gamer-san,https://s4.anilist.co/file/anilistcdn/media/manga/cover/medium/bx111304-ZJhp6EPvGgUT.jpg,"{""al"": ""111304"", ""ap"": ""cat-plus-gamer"", ""kt"": ""55061"", ""mu"": ""5bkumpx"", ""mal"": ""121866""}"
MangaDex,https://mangadex.org/title/685873b5-7df5-43ea-9bd2-f913be4a6bd4,Giant Robo: Reference,Yokoyama Mitsuteru,cross-id,30540,Giant Robo [Shiryou-hen],https://cdn.mangabaka.dev/imgproxy/plain/x250@1/aHR0cHM6Ly9zNC5hbmlsaXN0LmNvL2ZpbGUvYW5pbGlzdGNkbi9tZWRpYS9tYW5nYS9jb3Zlci9sYXJnZS9ieDE1MTUxNi04RncyeTFLQW0yR2EuanBn,title+author,30540,Giant Robo [Shiryou-hen],https://cdn.mangabaka.dev/imgproxy/plain/x250@1/aHR0cHM6Ly9zNC5hbmlsaXN0LmNvL2ZpbGUvYW5pbGlzdGNkbi9tZWRpYS9tYW5nYS9jb3Zlci9sYXJnZS9ieDE1MTUxNi04RncyeTFLQW0yR2EuanBn,none,,,,"{""al"": ""151516"", ""mu"": ""u4a7crs""}"
MangaDex,https://mangadex.org/title/ee5e7aa9-38ee-408b-b5da-3766d2ca9e32,Les anecdotes de la SD,Hykko,none,,,,none,,,,none,,,,{}
MangaDex,https://mangadex.org/title/05e61a90-210f-4680-b841-4f124f303ea0,Boku to Kanojo no XXX,Morinaga Ai,cross-id,13087,Your & My Secret,https://cdn.mangabaka.dev/imgproxy/plain/x250@1/aHR0cHM6Ly9zNC5hbmlsaXN0LmNvL2ZpbGUvYW5pbGlzdGNkbi9tZWRpYS9tYW5nYS9jb3Zlci9sYXJnZS9ieDMwNDYwLU5taEFDdFB3SkFZVC5qcGc,title+author,13087,Your & My Secret,https://cdn.mangabaka.dev/imgproxy/plain/x250@1/aHR0cHM6Ly9zNC5hbmlsaXN0LmNvL2ZpbGUvYW5pbGlzdGNkbi9tZWRpYS9tYW5nYS9jb3Zlci9sYXJnZS9ieDMwNDYwLU5taEFDdFB3SkFZVC5qcGc,title+author,30460,Boku to Kanojo no XXX,https://s4.anilist.co/file/anilistcdn/media/manga/cover/medium/bx30460-NmhACtPwJAYT.jpg,"{""al"": ""30460"", ""ap"": ""your-and-my-secret"", ""kt"": ""1042"", ""mu"": ""igyknjv"", ""mal"": ""460""}"
MangaDex,https://mangadex.org/title/88b69b43-92cb-4236-8d46-a85d968b4ed1,I'm in Love with the Villainess ~Another Revolution Story~,"Inori., Migyo",cross-id,58823,Nae Choeaeneun Agyeogyeongae: Another Revolution Story,https://cdn.mangabaka.dev/imgproxy/plain/x250@1/aHR0cHM6Ly9zNC5hbmlsaXN0LmNvL2ZpbGUvYW5pbGlzdGNkbi9tZWRpYS9tYW5nYS9jb3Zlci9sYXJnZS9ieDE2ODI1Ny1xRHRQd0xqSXVlRTguanBn,title+author,58823,Nae Choeaeneun Agyeogyeongae: Another Revolution Story,https://cdn.mangabaka.dev/imgproxy/plain/x250@1/aHR0cHM6Ly9zNC5hbmlsaXN0LmNvL2ZpbGUvYW5pbGlzdGNkbi9tZWRpYS9tYW5nYS9jb3Zlci9sYXJnZS9ieDE2ODI1Ny1xRHRQd0xqSXVlRTguanBn,title+author,168257,Nae Choeaeneun Agyeogyeongae: Another Revolution Story,https://s4.anilist.co/file/anilistcdn/media/manga/cover/medium/bx168257-qDtPwLjIueE8.jpg,"{""al"": ""168257"", ""mu"": ""iryaywu""}"
MangaDex,https://mangadex.org/title/537af478-5eb3-49ab-b721-ff4aff5821cb,When You're Seated Next To The Girl You Have a Crush On,saku,cross-id,1984,Kataomoi-chu no Joshi to Tonari no Zaseki ni Narattara,https://cdn.mangabaka.dev/imgproxy/plain/x250@1/aHR0cHM6Ly9zNC5hbmlsaXN0LmNvL2ZpbGUvYW5pbGlzdGNkbi9tZWRpYS9tYW5nYS9jb3Zlci9sYXJnZS9ieDE5MDQ5OS03eXEycGdaazdDZGkuanBn,title+author,1984,Kataomoi-chu no Joshi to Tonari no Zaseki ni Narattara,https://cdn.mangabaka.dev/imgproxy/plain/x250@1/aHR0cHM6Ly9zNC5hbmlsaXN0LmNvL2ZpbGUvYW5pbGlzdGNkbi9tZWRpYS9tYW5nYS9jb3Zlci9sYXJnZS9ieDE5MDQ5OS03eXEycGdaazdDZGkuanBn,title+author,190499,Kataomoi-chu no Joshi to Tonari no Zaseki ni Narattara,https://s4.anilist.co/file/anilistcdn/media/manga/cover/medium/bx190499-7yq2pgZk7Cdi.jpg,"{""al"": ""190499"", ""mu"": ""cij90g8""}"
MangaDex,https://mangadex.org/title/58740cf7-a5e5-49cf-b789-7eda07d0a7b5,"Go home, Sakizaki-chan",syuntyu katze,none,,,,none,,,,none,,,,{}
MangaDex,https://mangadex.org/title/71eddd42-bbcf-47d6-bf4b-3650ac94893f,Sayuri Method,Sakana Soba,none,,,,none,,,,none,,,,{}
MangaDex,https://mangadex.org/title/798c2cd0-c80f-4bbb-bd98-836a40733144,Vengeance of the Heavenly Demon,Shi Bu Ci Yuan,cross-id,34597,Shen Mo Tian Sha,https://cdn.mangabaka.dev/imgproxy/plain/x250@1/aHR0cHM6Ly9zNC5hbmlsaXN0LmNvL2ZpbGUvYW5pbGlzdGNkbi9tZWRpYS9tYW5nYS9jb3Zlci9tZWRpdW0vYjExNjQ1My1KRFFudERtbGlGSjkuanBn,author-conflict,,,,author-conflict,,,,"{""al"": ""116453"", ""ap"": ""vengeance-of-the-heavenly-demon"", ""kt"": ""54917"", ""mu"": ""1gb1z4v""}"
MangaDex,https://mangadex.org/title/487e025e-9865-4d10-9018-a4c9227eb4d9,Genshiken - The Society for the Study of Modern Visual Culture,Kio Shimoku,cross-id,10652,Genshiken,https://cdn.mangabaka.dev/imgproxy/plain/x250@1/aHR0cHM6Ly9pbWFnZXMubWFuZ2FiYWthLmRldi9kLzIvZi8wLzEvMC81L2QvMzJkZi80MzMxL2IzMGEvZGM0ZDU3ZDg4OTEy,title+author,10652,Genshiken,https://cdn.mangabaka.dev/imgproxy/plain/x250@1/aHR0cHM6Ly9pbWFnZXMubWFuZ2FiYWthLmRldi9kLzIvZi8wLzEvMC81L2QvMzJkZi80MzMxL2IzMGEvZGM0ZDU3ZDg4OTEy,none,,,,"{""al"": ""30348"", ""ap"": ""genshiken"", ""kt"": ""genshiken"", ""mu"": ""38w1vr2"", ""mal"": ""348""}"
MangaDex,https://mangadex.org/title/7aa8b1fb-cbfc-4699-a6cf-e943a53f5599,Natsu Koi,Shino Hirofumi,cross-id,46990,Natsukoi,https://cdn.mangabaka.dev/imgproxy/plain/x250@1/aHR0cHM6Ly9zNC5hbmlsaXN0LmNvL2ZpbGUvYW5pbGlzdGNkbi9tZWRpYS9tYW5nYS9jb3Zlci9sYXJnZS9ieDEyNTE5My1WR1gybVVScFQ2UEYuanBn,title+author,46990,Natsukoi,https://cdn.mangabaka.dev/imgproxy/plain/x250@1/aHR0cHM6Ly9zNC5hbmlsaXN0LmNvL2ZpbGUvYW5pbGlzdGNkbi9tZWRpYS9tYW5nYS9jb3Zlci9sYXJnZS9ieDEyNTE5My1WR1gybVVScFQ2UEYuanBn,author-conflict,,,,"{""al"": ""125193"", ""ap"": ""natsukoi-hirofumi-shino"", ""mu"": ""btrn6nb""}"
MangaDex,https://mangadex.org/title/9fd23213-49ed-4b5f-a4ef-0c21878b6b19,Touhou  - Of Idiots and Colds (Doujinshi),Winter Scenery,none,,,,none,,,,none,,,,{}
MangaDex,https://mangadex.org/title/d022bf98-48fa-48c6-8a1b-cbb33765b27d,Writer's Block of Romance,Dara,cross-id,54268,Writer's Block of Romance,https://cdn.mangabaka.dev/imgproxy/plain/x250@1/aHR0cHM6Ly9pbWFnZXMubWFuZ2FiYWthLmRldi9jL2EvMy81L2IvNi8xL2QvNzAwYy80Nzg2LzliNTYvZmE0OGIyOTY4Yzhj,title+author,54268,Writer's Block of Romance,https://cdn.mangabaka.dev/imgproxy/plain/x250@1/aHR0cHM6Ly9pbWFnZXMubWFuZ2FiYWthLmRldi9jL2EvMy81L2IvNi8xL2QvNzAwYy80Nzg2LzliNTYvZmE0OGIyOTY4Yzhj,title+author,148678,Sseuraneun Geureun An Sseugo,https://s4.anilist.co/file/anilistcdn/media/manga/cover/medium/bx148678-6m9hOkRozFui.png,"{""al"": ""148678"", ""ap"": ""writers-block-of-romance"", ""mu"": ""6em27u8"", ""mal"": ""164554""}"
MangaDex,https://mangadex.org/title/51db8847-682d-4fe3-82db-9e064cbb9678,Shin Senri no Michi mo,Oohara Ippo,cross-id,80752,Shin Senri no Michi mo,https://cdn.mangabaka.dev/imgproxy/plain/x250@1/aHR0cHM6Ly9zNC5hbmlsaXN0LmNvL2ZpbGUvYW5pbGlzdGNkbi9tZWRpYS9tYW5nYS9jb3Zlci9sYXJnZS9ieDE4MTcwMi1lU1NrTWFnUGZDeXQuanBn,title+author,80752,Shin Senri no Michi mo,https://cdn.mangabaka.dev/imgproxy/plain/x250@1/aHR0cHM6Ly9zNC5hbmlsaXN0LmNvL2ZpbGUvYW5pbGlzdGNkbi9tZWRpYS9tYW5nYS9jb3Zlci9sYXJnZS9ieDE4MTcwMi1lU1NrTWFnUGZDeXQuanBn,title+author,181702,Shin Senri no Michi mo,https://s4.anilist.co/file/anilistcdn/media/manga/cover/medium/bx181702-eSSkMagPfCyt.jpg,"{""al"": ""181702"", ""mu"": ""cn6iooh""}"
MangaDex,https://mangadex.org/title/72eec90b-f3fb-4482-bf05-fa1cfb76463f,Surechi Koi,Hatomune Tsurun,cross-id,81994,Surechi Koi,https://cdn.mangabaka.dev/imgproxy/plain/x250@1/aHR0cHM6Ly9zNC5hbmlsaXN0LmNvL2ZpbGUvYW5pbGlzdGNkbi9tZWRpYS9tYW5nYS9jb3Zlci9sYXJnZS9ieDE4NTkzOC1WcEZuWWZkUXVmNHUuanBn,title+author,81994,Surechi Koi,https://cdn.mangabaka.dev/imgproxy/plain/x250@1/aHR0cHM6Ly9zNC5hbmlsaXN0LmNvL2ZpbGUvYW5pbGlzdGNkbi9tZWRpYS9tYW5nYS9jb3Zlci9sYXJnZS9ieDE4NTkzOC1WcEZuWWZkUXVmNHUuanBn,title+author,185938,Surechi Koi,https://s4.anilist.co/file/anilistcdn/media/manga/cover/medium/bx185938-VpFnYfdQuf4u.jpg,"{""al"": ""185938""}"
MangaDex,https://mangadex.org/title/c294c137-3ca7-4b91-84aa-f72d16be9d6b,New Employee Kim Chul-Soo,"Oh Jeong, Studio MW",cross-id,67834,Rookie Employee Kim Cheolsu,https://cdn.mangabaka.dev/imgproxy/plain/x250@1/aHR0cHM6Ly9pbWFnZXMubWFuZ2FiYWthLmRldi84LzkvYi9jLzcvMS9jLzYvMDM1Yy80M2YzL2JiZmEvNDRlNjY3ZDJjMDcz,title+author,67834,Rookie Employee Kim Cheolsu,https://cdn.mangabaka.dev/imgproxy/plain/x250@1/aHR0cHM6Ly9pbWFnZXMubWFuZ2FiYWthLmRldi84LzkvYi9jLzcvMS9jLzYvMDM1Yy80M2YzL2JiZmEvNDRlNjY3ZDJjMDcz,none,,,,"{""al"": ""188642"", ""ap"": ""rookie-employee-kim-cheolsu"", ""kt"": ""73232"", ""mu"": ""wbo6j1i"", ""mal"": ""171847""}"
MangaDex,https://mangadex.org/title/a2f07125-b50f-4699-a005-b291c306e6a1,Salty & Sweet,"S, Team S",author-conflict,,,,author-conflict,,,,author-conflict,,,,{}
MangaDex,https://mangadex.org/title/e4a74131-b810-4edd-a434-466ee7489cdf,ALL BE PLUS！,Hanakage Alt,cross-id,73813,ALL BE PLUS!,https://cdn.mangabaka.dev/imgproxy/plain/x250@1/aHR0cHM6Ly9zNC5hbmlsaXN0LmNvL2ZpbGUvYW5pbGlzdGNkbi9tZWRpYS9tYW5nYS9jb3Zlci9sYXJnZS9ieDE4MDMzMy02QU9NaTNiZjNFZHkuanBn,title+author,73813,ALL BE PLUS!,https://cdn.mangabaka.dev/imgproxy/plain/x250@1/aHR0cHM6Ly9zNC5hbmlsaXN0LmNvL2ZpbGUvYW5pbGlzdGNkbi9tZWRpYS9tYW5nYS9jb3Zlci9sYXJnZS9ieDE4MDMzMy02QU9NaTNiZjNFZHkuanBn,title+author,180333,ALL BE PLUS!,https://s4.anilist.co/file/anilistcdn/media/manga/cover/medium/bx180333-6AOMi3bf3Edy.jpg,"{""al"": ""180333"", ""ap"": ""all-be-plus"", ""mu"": ""h3y151o""}"
MangaFire,https://mangafire.to/manga/gorani-jeonn.6v4w4,Gorani Jeon,chychy,title+author,37975,Wild And Willing,https://cdn.mangabaka.dev/imgproxy/plain/x250@1/aHR0cHM6Ly9pbWFnZXMubWFuZ2FiYWthLmRldi8xL2QvNy9jLzIvNy9jLzIvNWFhNy80M2E2L2IxNTcvZTg5YjMyYzgxN2E3,title+author,37975,Wild And Willing,https://cdn.mangabaka.dev/imgproxy/plain/x250@1/aHR0cHM6Ly9pbWFnZXMubWFuZ2FiYWthLmRldi8xL2QvNy9jLzIvNy9jLzIvNWFhNy80M2E2L2IxNTcvZTg5YjMyYzgxN2E3,title+author,120269,Gorani Jeon,https://s4.anilist.co/file/anilistcdn/media/manga/cover/medium/bx120269-w1h4vSnd7EEx.jpg,
MangaFire,https://mangafire.to/manga/kimi-no-tame-nara-shineruu.7996,Kimi no Tame nara Shineru,Kuzushiro,title+author,15753,Kimi no Tame nara Shineru,https://cdn.mangabaka.dev/imgproxy/plain/x250@1/aHR0cHM6Ly9zNC5hbmlsaXN0LmNvL2ZpbGUvYW5pbGlzdGNkbi9tZWRpYS9tYW5nYS9jb3Zlci9sYXJnZS9ueDU5NzQzLTNIQm9YZXQ2SnNaTC5qcGc,title+author,15753,Kimi no Tame nara Shineru,https://cdn.mangabaka.dev/imgproxy/plain/x250@1/aHR0cHM6Ly9zNC5hbmlsaXN0LmNvL2ZpbGUvYW5pbGlzdGNkbi9tZWRpYS9tYW5nYS9jb3Zlci9sYXJnZS9ueDU5NzQzLTNIQm9YZXQ2SnNaTC5qcGc,title+author,59743,Kimi no Tame nara Shineru,https://s4.anilist.co/file/anilistcdn/media/manga/cover/medium/nx59743-3HBoXet6JsZL.jpg,
MangaFire,https://mangafire.to/manga/namaiki-kareshii.jv172,My Saucy Boyfriend,Akira Yoshio,title+author,32870,My Saucy Boyfriend,https://cdn.mangabaka.dev/imgproxy/plain/x250@1/aHR0cHM6Ly9zNC5hbmlsaXN0LmNvL2ZpbGUvYW5pbGlzdGNkbi9tZWRpYS9tYW5nYS9jb3Zlci9sYXJnZS9ieDEwODQxNy1COVVNRmhZNmJaODgucG5n,title+author,32870,My Saucy Boyfriend,https://cdn.mangabaka.dev/imgproxy/plain/x250@1/aHR0cHM6Ly9zNC5hbmlsaXN0LmNvL2ZpbGUvYW5pbGlzdGNkbi9tZWRpYS9tYW5nYS9jb3Zlci9sYXJnZS9ieDEwODQxNy1COVVNRmhZNmJaODgucG5n,title+author,108417,Namaiki Kareshi,https://s4.anilist.co/file/anilistcdn/media/manga/cover/medium/bx108417-B9UMFhY6bZ88.png,
MangaFire,https://mangafire.to/manga/tales-of-vesperia-dj-okubyoumono-to-doukeshii.mqj9p,Tales of Vesperia dj - Okubyoumono to Doukeshi,Pink Power (MIKUNI Saho),title+author,52134,Tales of Vesperia dj - Okubyoumono to Doukeshi,https://cdn.mangabaka.dev/imgproxy/plain/x250@1/aHR0cHM6Ly9jZG4ubWFuZ2F1cGRhdGVzLmNvbS9pbWFnZS9pODgxMTkuanBn,title+author,52134,Tales of Vesperia dj - Okubyoumono to Doukeshi,https://cdn.mangabaka.dev/imgproxy/plain/x250@1/aHR0cHM6Ly9jZG4ubWFuZ2F1cGRhdGVzLmNvbS9pbWFnZS9pODgxMTkuanBn,none,,,,
MangaFire,https://mangafire.to/manga/legal-cohabitationn.qnnnv,Legal Cohabitation,,title-unique,57497,Legal Cohabitation,https://cdn.mangabaka.dev/imgproxy/plain/x250@1/aHR0cHM6Ly9zNC5hbmlsaXN0LmNvL2ZpbGUvYW5pbGlzdGNkbi9tZWRpYS9tYW5nYS9jb3Zlci9tZWRpdW0vYjE1MzQxOS1MNEtSZTZiUklTb0MuanBn,title-unique,57497,Legal Cohabitation,https://cdn.mangabaka.dev/imgproxy/plain/x250@1/aHR0cHM6Ly9zNC5hbmlsaXN0LmNvL2ZpbGUvYW5pbGlzdGNkbi9tZWRpYS9tYW5nYS9jb3Zlci9tZWRpdW0vYjE1MzQxOS1MNEtSZTZiUklTb0MuanBn,title-unique,153419,Hefa Tongju,https://s4.anilist.co/file/anilistcdn/media/manga/cover/medium/b153419-L4KRe6bRISoC.jpg,
MangaFire,https://mangafire.to/manga/fechippuru-bokura-no-innocent-lovee.6v964,What I Love About You,Zurachy Rurihara,title+author,7409,What I Love About You,https://cdn.mangabaka.dev/imgproxy/plain/x250@1/aHR0cHM6Ly9pbWFnZXMubWFuZ2FiYWthLmRldi83LzkvYi9hLzEvNS8yLzAvYzFlNy80ODQ0LzkzZGUvYzY3NjhlOTg3Yjg5,title+author,7409,What I Love About You,https://cdn.mangabaka.dev/imgproxy/plain/x250@1/aHR0cHM6Ly9pbWFnZXMubWFuZ2FiYWthLmRldi83LzkvYi9hLzEvNS8yLzAvYzFlNy80ODQ0LzkzZGUvYzY3NjhlOTg3Yjg5,title+author,106474,Fechippuru: Bokura no Junsui na Koi,https://s4.anilist.co/file/anilistcdn/media/manga/cover/medium/nx106474-qRKDofuNCfsU.jpg,
MangaFire,https://mangafire.to/manga/overpowered-healerr.k3989,Overpowered Healer,EtchedWarp,author-conflict,,,,author-conflict,,,,author-conflict,,,,
MangaFire,https://mangafire.to/manga/himegimi-wa-kishi-danchouu.lr7xq,The Knight Captain is the New Princess to Be,YAMARU Yasuko,title+author,60519,The Knight Captain is the New Princess-to-Be,https://cdn.mangabaka.dev/imgproxy/plain/x250@1/aHR0cHM6Ly9pbWFnZXMubWFuZ2FiYWthLmRldi80LzYvNC84LzgvMi8wL2MvYzlkZi80MmQ0L2I4MTAvNTgxYzMyZTU3NDk3,title+author,60519,The Knight Captain is the New Princess-to-Be,https://cdn.mangabaka.dev/imgproxy/plain/x250@1/aHR0cHM6Ly9pbWFnZXMubWFuZ2FiYWthLmRldi80LzYvNC84LzgvMi8wL2MvYzlkZi80MmQ0L2I4MTAvNTgxYzMyZTU3NDk3,title+author,120785,Himegimi wa Kishi Danchou,https://s4.anilist.co/file/anilistcdn/media/manga/cover/medium/bx120785-4tYCZt03cmwp.jpg,
MangaFire,https://mangafire.to/manga/aozora-yelll.mq0p,Yell for the Blue Sky,Kazune Kawahara,title+author,1167,Yell for the Blue Sky,https://cdn.mangabaka.dev/imgproxy/plain/x250@1/aHR0cHM6Ly9zNC5hbmlsaXN0LmNvL2ZpbGUvYW5pbGlzdGNkbi9tZWRpYS9tYW5nYS9jb3Zlci9sYXJnZS9ieDQwODY4LXJ1dHRNVzBWUEdWTC5wbmc,title+author,1167,Yell for the Blue Sky,https://cdn.mangabaka.dev/imgproxy/plain/x250@1/aHR0cHM6Ly9zNC5hbmlsaXN0LmNvL2ZpbGUvYW5pbGlzdGNkbi9tZWRpYS9tYW5nYS9jb3Zlci9sYXJnZS9ieDQwODY4LXJ1dHRNVzBWUEdWTC5wbmc,title+author,40868,Aozora Yell,https://s4.anilist.co/file/anilistcdn/media/manga/cover/medium/bx40868-ruttMW0VPGVL.png,
MangaFire,https://mangafire.to/manga/bakekanoo.37v2,Bakekano,Yukihiro Inoue,title+author,10927,Bake Kano,https://cdn.mangabaka.dev/imgproxy/plain/x250@1/aHR0cHM6Ly9zNC5hbmlsaXN0LmNvL2ZpbGUvYW5pbGlzdGNkbi9tZWRpYS9tYW5nYS9jb3Zlci9sYXJnZS9ieDUwOTk4LVUzT0VnajUwWUU0Ti5qcGc,title+author,10927,Bake Kano,https://cdn.mangabaka.dev/imgproxy/plain/x250@1/aHR0cHM6Ly9zNC5hbmlsaXN0LmNvL2ZpbGUvYW5pbGlzdGNkbi9tZWRpYS9tYW5nYS9jb3Zlci9sYXJnZS9ieDUwOTk4LVUzT0VnajUwWUU0Ti5qcGc,title+author,50998,Bakekano,https://s4.anilist.co/file/anilistcdn/media/manga/cover/medium/bx50998-U3OEgj50YE4N.jpg,
MangaFire,https://mangafire.to/manga/kyaku-o-fuyashitaifuyashitakunai-hito.xvm4v,Kyaku o Fuyashitai/Fuyashitakunai Hito,Sato Shouki,none,,,,none,,,,none,,,,
MangaFire,https://mangafire.to/manga/nichijou-climaxx.9kym,Nichijou Climax,Pariko London,title+author,28168,Nichijou Climax,https://cdn.mangabaka.dev/imgproxy/plain/x250@1/aHR0cHM6Ly9zNC5hbmlsaXN0LmNvL2ZpbGUvYW5pbGlzdGNkbi9tZWRpYS9tYW5nYS9jb3Zlci9sYXJnZS9ieDEwMzEzMS1NaVNHSWdKS1lReTguanBn,title+author,28168,Nichijou Climax,https://cdn.mangabaka.dev/imgproxy/plain/x250@1/aHR0cHM6Ly9zNC5hbmlsaXN0LmNvL2ZpbGUvYW5pbGlzdGNkbi9tZWRpYS9tYW5nYS9jb3Zlci9sYXJnZS9ieDEwMzEzMS1NaVNHSWdKS1lReTguanBn,title+author,103131,Nichijou Climax,https://s4.anilist.co/file/anilistcdn/media/manga/cover/medium/bx103131-MiSGIgJKYQy8.jpg,
MangaFire,https://mangafire.to/manga/belladonnas-lover.0qz39,Belladonna’s Lover,Ru 1Mm,ambiguous,,,,ambiguous,,,,ambiguous,,,,
MangaFire,https://mangafire.to/manga/midare-somenishii.jv1y2,Midare Somenishi,Kazuma Kodaka,title+author,29200,Midare Somenishi,https://cdn.mangabaka.dev/imgproxy/plain/x250@1/aHR0cHM6Ly9zNC5hbmlsaXN0LmNvL2ZpbGUvYW5pbGlzdGNkbi9tZWRpYS9tYW5nYS9jb3Zlci9tZWRpdW0vMjIyNy5qcGc,title+author,29200,Midare Somenishi,https://cdn.mangabaka.dev/imgproxy/plain/x250@1/aHR0cHM6Ly9zNC5hbmlsaXN0LmNvL2ZpbGUvYW5pbGlzdGNkbi9tZWRpYS9tYW5nYS9jb3Zlci9tZWRpdW0vMjIyNy5qcGc,title+author,32227,Midare Somenishi,https://s4.anilist.co/file/anilistcdn/media/manga/cover/medium/2227.jpg,
MangaFire,https://mangafire.to/manga/boku-no-kanojo-wa-nemurihimee.72rm1,Boku no kanojo wa nemurihime,Yu Yamanouchi,title+author,76504,Boku no Kanojo wa Nemurihime,https://cdn.mangabaka.dev/imgproxy/plain/x250@1/aHR0cHM6Ly9zNC5hbmlsaXN0LmNvL2ZpbGUvYW5pbGlzdGNkbi9tZWRpYS9tYW5nYS9jb3Zlci9sYXJnZS9ieDE3OTAxNC1wdWpkWGJmdkpBdGIucG5n,title+author,76504,Boku no Kanojo wa Nemurihime,https://cdn.mangabaka.dev/imgproxy/plain/x250@1/aHR0cHM6Ly9zNC5hbmlsaXN0LmNvL2ZpbGUvYW5pbGlzdGNkbi9tZWRpYS9tYW5nYS9jb3Zlci9sYXJnZS9ieDE3OTAxNC1wdWpkWGJmdkpBdGIucG5n,title+author,179014,Boku no Kanojo wa Nemurihime,https://s4.anilist.co/file/anilistcdn/media/manga/cover/medium/bx179014-pujdXbfvJAtb.png,
MangaFire,https://mangafire.to/manga/eternal-tormentt.jjrj3,Eternal Torment,furu,title+author,57928,Eternal Torment,https://cdn.mangabaka.dev/imgproxy/plain/x250@1/aHR0cHM6Ly9zNC5hbmlsaXN0LmNvL2ZpbGUvYW5pbGlzdGNkbi9tZWRpYS9tYW5nYS9jb3Zlci9sYXJnZS9ieDE1ODk0MC0zRUh1cGkzZHVsZE0uanBn,title+author,57928,Eternal Torment,https://cdn.mangabaka.dev/imgproxy/plain/x250@1/aHR0cHM6Ly9zNC5hbmlsaXN0LmNvL2ZpbGUvYW5pbGlzdGNkbi9tZWRpYS9tYW5nYS9jb3Zlci9sYXJnZS9ieDE1ODk0MC0zRUh1cGkzZHVsZE0uanBn,title+author,158940,Eikyuukei,https://s4.anilist.co/file/anilistcdn/media/manga/cover/medium/bx158940-3EHupi3duldM.jpg,
MangaFire,https://mangafire.to/manga/kimi-ga-loafer-wo-haitaraa.0qmm7,When You Wear Loafers,Towa Oshima,title+author,2266,When You Put on Loafers,https://cdn.mangabaka.dev/imgproxy/plain/x250@1/aHR0cHM6Ly9pbWFnZXMubWFuZ2FiYWthLmRldi9mLzkvNi8xL2UvOC9iL2EvOThmNi80N2M1L2I3ZmEvYTg3MWM4YWYzNTg3,title+author,2266,When You Put on Loafers,https://cdn.mangabaka.dev/imgproxy/plain/x250@1/aHR0cHM6Ly9pbWFnZXMubWFuZ2FiYWthLmRldi9mLzkvNi8xL2UvOC9iL2EvOThmNi80N2M1L2I3ZmEvYTg3MWM4YWYzNTg3,title+author,162790,Kimi ga Loafer wo Haitara,https://s4.anilist.co/file/anilistcdn/media/manga/cover/medium/bx162790-whiiYtjWpBpK.jpg,
MangaFire,https://mangafire.to/manga/behind-the-laughter-of-the-surviving-princesss.yvxnz,Behind the Laughter of the Surviving Princess,,title-unique,3076,Behind Her Highness’s Smile,https://cdn.mangabaka.dev/imgproxy/plain/x250@1/aHR0cHM6Ly9pbWFnZXMubWFuZ2FiYWthLmRldi81LzUvYy9mLzkvOC8xL2MvY2ViMC80NzdhLzhhZDkvNWYyYTE3M2M1OWU3,title-unique,3076,Behind Her Highness’s Smile,https://cdn.mangabaka.dev/imgproxy/plain/x250@1/aHR0cHM6Ly9pbWFnZXMubWFuZ2FiYWthLmRldi81LzUvYy9mLzkvOC8xL2MvY2ViMC80NzdhLzhhZDkvNWYyYTE3M2M1OWU3,none,,,,
MangaFire,https://mangafire.to/manga/ordo-signae-de-missaa.w5vj7,Ordo Signae de Missa (Colored),AntonioIII,none,,,,none,,,,none,,,,
MangaFire,https://mangafire.to/manga/rolll.zv62,Roll,Ren Saizaki,title+author,17231,Roll,https://cdn.mangabaka.dev/imgproxy/plain/x250@1/aHR0cHM6Ly9zNC5hbmlsaXN0LmNvL2ZpbGUvYW5pbGlzdGNkbi9tZWRpYS9tYW5nYS9jb3Zlci9tZWRpdW0vMTc5MDIuanBn,title+author,17231,Roll,https://cdn.mangabaka.dev/imgproxy/plain/x250@1/aHR0cHM6Ly9zNC5hbmlsaXN0LmNvL2ZpbGUvYW5pbGlzdGNkbi9tZWRpYS9tYW5nYS9jb3Zlci9tZWRpdW0vMTc5MDIuanBn,title+author,47902,Roll,https://s4.anilist.co/file/anilistcdn/media/manga/cover/medium/17902.jpg,
MangaFire,https://mangafire.to/manga/aoi-kun-wa-mukimuki-kanojo-wo-kouteishitai.vqn8l,Aoi-kun wa Mukimuki Kanojo wo Kouteishitai,Uchino Komeko,title+author,4164,Aoi-kun Wants This Muscular Girl to Flex!,https://cdn.mangabaka.dev/imgproxy/plain/x250@1/aHR0cHM6Ly9pbWFnZXMubWFuZ2FiYWthLmRldi85LzgvOC9lLzgvYS84L2QvN2ZjMy80MGEyLzg2ZmMvZWUyM2YwYTg2ODU1,title+author,4164,Aoi-kun Wants This Muscular Girl to Flex!,https://cdn.mangabaka.dev/imgproxy/plain/x250@1/aHR0cHM6Ly9pbWFnZXMubWFuZ2FiYWthLmRldi85LzgvOC9lLzgvYS84L2QvN2ZjMy80MGEyLzg2ZmMvZWUyM2YwYTg2ODU1,none,,,,
MangaFire,https://mangafire.to/manga/utskushii-inuu.qx8l5,Utskushii Inu,"Hiroto Ooishi, Yuuki Shikawa",title+author,56484,Utsukushii Inu,https://cdn.mangabaka.dev/imgproxy/plain/x250@1/aHR0cHM6Ly9zNC5hbmlsaXN0LmNvL2ZpbGUvYW5pbGlzdGNkbi9tZWRpYS9tYW5nYS9jb3Zlci9sYXJnZS9ueDEwMDI1NC1xUzlqN1d0SHRjd1guanBn,title+author,56484,Utsukushii Inu,https://cdn.mangabaka.dev/imgproxy/plain/x250@1/aHR0cHM6Ly9zNC5hbmlsaXN0LmNvL2ZpbGUvYW5pbGlzdGNkbi9tZWRpYS9tYW5nYS9jb3Zlci9sYXJnZS9ueDEwMDI1NC1xUzlqN1d0SHRjd1guanBn,none,,,,
MangaFire,https://mangafire.to/manga/sleepy-chaotic-climatee.xrox8,Sleepy Chaotic Climate,Shinya Komatsu,title+author,25943,Suiton Kikou,https://cdn.mangabaka.dev/imgproxy/plain/x250@1/aHR0cHM6Ly9zNC5hbmlsaXN0LmNvL2ZpbGUvYW5pbGlzdGNkbi9tZWRpYS9tYW5nYS9jb3Zlci9sYXJnZS9ieDEwNzY1Ni1icE54c00zUHlpcGMucG5n,title+author,25943,Suiton Kikou,https://cdn.mangabaka.dev/imgproxy/plain/x250@1/aHR0cHM6Ly9zNC5hbmlsaXN0LmNvL2ZpbGUvYW5pbGlzdGNkbi9tZWRpYS9tYW5nYS9jb3Zlci9sYXJnZS9ieDEwNzY1Ni1icE54c00zUHlpcGMucG5n,title+author,107656,Suiton Kikou,https://s4.anilist.co/file/anilistcdn/media/manga/cover/medium/bx107656-bpNxsM3Pyipc.png,
MangaFire,https://mangafire.to/manga/robots-heart-partss.90jpx,Robot's Heart (Parts),Ueyama Hiro,title+author,65686,Robot no Kokoro (Parts),https://cdn.mangabaka.dev/imgproxy/plain/x250@1/aHR0cHM6Ly9zNC5hbmlsaXN0LmNvL2ZpbGUvYW5pbGlzdGNkbi9tZWRpYS9tYW5nYS9jb3Zlci9sYXJnZS9ieDE5NDQ0Mi1iSGhxMkY3cmZYZ0MucG5n,title+author,65686,Robot no Kokoro (Parts),https://cdn.mangabaka.dev/imgproxy/plain/x250@1/aHR0cHM6Ly9zNC5hbmlsaXN0LmNvL2ZpbGUvYW5pbGlzdGNkbi9tZWRpYS9tYW5nYS9jb3Zlci9sYXJnZS9ieDE5NDQ0Mi1iSGhxMkY3cmZYZ0MucG5n,title+author,194442,Robot no Kokoro (Parts),https://s4.anilist.co/file/anilistcdn/media/manga/cover/medium/bx194442-bHhq2F7rfXgC.png,
MangaFire,https://mangafire.to/manga/stand-by-me-love-letterr.nrkql,"Stand by Me, Love Letter",MASUDA Riho,ambiguous,,,,title+author,25238,Stand by me - A Love Letter,https://cdn.mangabaka.dev/imgproxy/plain/x250@1/aHR0cHM6Ly9zNC5hbmlsaXN0LmNvL2ZpbGUvYW5pbGlzdGNkbi9tZWRpYS9tYW5nYS9jb3Zlci9sYXJnZS9ieDk3NTYzLW9BMUVtUmNpbldkeC5wbmc,title+author,97563,"Stand by Me, Love Letter",https://s4.anilist.co/file/anilistcdn/media/manga/cover/medium/bx97563-oA1EmRcinWdx.png,
MangaFire,https://mangafire.to/manga/motto-ganbare-kieruna-shikiso-usuko-san.zxolp,Motto! Ganbare! Kieruna!! Shikiso Usuko-san,Toko Mizuki,title+author,292536,Motto! Ganbare! Kieruna!! Shikiso Usuko-san,https://cdn.mangabaka.dev/imgproxy/plain/x250@1/aHR0cHM6Ly9jZG4ubXlhbmltZWxpc3QubmV0L2ltYWdlcy9tYW5nYS8xLzIwMjQxM2wuanBn,title+author,292536,Motto! Ganbare! Kieruna!! Shikiso Usuko-san,https://cdn.mangabaka.dev/imgproxy/plain/x250@1/aHR0cHM6Ly9jZG4ubXlhbmltZWxpc3QubmV0L2ltYWdlcy9tYW5nYS8xLzIwMjQxM2wuanBn,none,,,,
MangaFire,https://mangafire.to/manga/i-became-a-slave-in-another-world-pien-and-to-make-matters-worse-my-master-is-a-black-hearted-elf-queenn.lr126,"I Became a Slave in Another World (pien) and to make matters worse, My Master is a Black-Hearted Elf Queen!",Super Masara,title+author,56290,"I Was Made a Slave in a Different World (I Cry) and My Master Is an Elf Queen with a Bad Personality! (But She Is Very Beautiful, and That's What's Important.) I'm Having a Lot of Fun, Because My Co-worker, an Orc, Is Very Healing, and the Elves in My Village Are Cute.",https://cdn.mangabaka.dev/imgproxy/plain/x250@1/aHR0cHM6Ly9pbWFnZXMubWFuZ2FiYWthLmRldi9mLzAvNy85L2EvZC9jL2QvOTViOC80ZDg1L2JlNzAvYzRmNDUxMGUzYjNm,none,,,,none,,,,
MangaFire,https://mangafire.to/manga/dekisokonai-no-himegimi-tachii.3ro4y,Failed Princesses,Ajiichi,title+author,952,Failed Princesses,https://cdn.mangabaka.dev/imgproxy/plain/x250@1/aHR0cHM6Ly9pbWFnZXMubWFuZ2FiYWthLmRldi8wLzQvMi9iLzkvOS8zL2UvNTdhOC80YmYxLzg5NmIvZDYxYTkyMzJkYmEz,title+author,952,Failed Princesses,https://cdn.mangabaka.dev/imgproxy/plain/x250@1/aHR0cHM6Ly9pbWFnZXMubWFuZ2FiYWthLmRldi8wLzQvMi9iLzkvOS8zL2UvNTdhOC80YmYxLzg5NmIvZDYxYTkyMzJkYmEz,title+author,103845,Dekisokonai no Himegimi-tachi,https://s4.anilist.co/file/anilistcdn/media/manga/cover/medium/nx103845-VN4d2ElcvNmO.jpg,
MangaFire,https://mangafire.to/manga/sakurasou-no-pet-na-kanojoo.1v5p,Sakurasou no Pet na Kanojo,"Houki Kusano, Hajime Kamoshida",title+author,13478,Sakura-sou no Pet na Kanojo,https://cdn.mangabaka.dev/imgproxy/plain/x250@1/aHR0cHM6Ly9zNC5hbmlsaXN0LmNvL2ZpbGUvYW5pbGlzdGNkbi9tZWRpYS9tYW5nYS9jb3Zlci9sYXJnZS9ieDU4MTA3LXFyNk5sRVBtbDhYZy5qcGc,title+author,13478,Sakura-sou no Pet na Kanojo,https://cdn.mangabaka.dev/imgproxy/plain/x250@1/aHR0cHM6Ly9zNC5hbmlsaXN0LmNvL2ZpbGUvYW5pbGlzdGNkbi9tZWRpYS9tYW5nYS9jb3Zlci9sYXJnZS9ieDU4MTA3LXFyNk5sRVBtbDhYZy5qcGc,title+author,58107,Sakurasou no Pet na Kanojo,https://s4.anilist.co/file/anilistcdn/media/manga/cover/medium/bx58107-qr6NlEPml8Xg.jpg,
MangaFire,https://mangafire.to/manga/suki-ga-hoshii-onna-no-ko-to-agenai-onna-no-koo.jvmw8,Suki ga Hoshii Onna no Ko to Agenai Onna no Ko,Sasuke,title+author,41896,Suki ga Hoshii Onnanoko to Agenai Onnanoko,https://cdn.mangabaka.dev/imgproxy/plain/x250@1/aHR0cHM6Ly9zNC5hbmlsaXN0LmNvL2ZpbGUvYW5pbGlzdGNkbi9tZWRpYS9tYW5nYS9jb3Zlci9sYXJnZS9ieDEzOTg3MC10MGhobGtua0xOb2YuanBn,title+author,41896,Suki ga Hoshii Onnanoko to Agenai Onnanoko,https://cdn.mangabaka.dev/imgproxy/plain/x250@1/aHR0cHM6Ly9zNC5hbmlsaXN0LmNvL2ZpbGUvYW5pbGlzdGNkbi9tZWRpYS9tYW5nYS9jb3Zlci9sYXJnZS9ieDEzOTg3MC10MGhobGtua0xOb2YuanBn,none,,,,
MangaFire,https://mangafire.to/manga/yuliquer-alcohol-x-yuri-anthologyy.xrq4z,Yuliquer: Alcohol x Yuri (Anthology),"Yonurime, Ori Mita, Yuki Yukio, Mochi Au Lait, Kaya Yoshino, Yuuki Gotou, Chikore, Hanako Imai",title+author,33251,Yuliqueur: Alcohol Yuri Anthology,https://cdn.mangabaka.dev/imgproxy/plain/x250@1/aHR0cHM6Ly9zNC5hbmlsaXN0LmNvL2ZpbGUvYW5pbGlzdGNkbi9tZWRpYS9tYW5nYS9jb3Zlci9sYXJnZS9ieDExMjg1MS1LUjR2QVhXVXA4OHIucG5n,title+author,33251,Yuliqueur: Alcohol Yuri Anthology,https://cdn.mangabaka.dev/imgproxy/plain/x250@1/aHR0cHM6Ly9zNC5hbmlsaXN0LmNvL2ZpbGUvYW5pbGlzdGNkbi9tZWRpYS9tYW5nYS9jb3Zlci9sYXJnZS9ieDExMjg1MS1LUjR2QVhXVXA4OHIucG5n,none,,,,
MangaFire,https://mangafire.to/manga/brave-girls-are-here-to-helpp.jppqy,Brave Girls Are Here to Help,CATNOTDOG,title+author,57468,Brave Girls Are Here To Help,https://cdn.mangabaka.dev/imgproxy/plain/x250@1/aHR0cHM6Ly9hcC1wcm94eS5tYW5nYWJha2EuZGV2L3Byb3h5LnBocD91cmw9aHR0cHM6Ly9jZG4uYW5pbWUtcGxhbmV0LmNvbS9tYW5nYS9wcmltYXJ5L2JyYXZlLWdpcmxzLWFyZS1oZXJlLXRvLWhlbHAtMS53ZWJwP3Q9MTc0NDA3MDQwMA,title+author,57468,Brave Girls Are Here To Help,https://cdn.mangabaka.dev/imgproxy/plain/x250@1/aHR0cHM6Ly9hcC1wcm94eS5tYW5nYWJha2EuZGV2L3Byb3h5LnBocD91cmw9aHR0cHM6Ly9jZG4uYW5pbWUtcGxhbmV0LmNvbS9tYW5nYS9wcmltYXJ5L2JyYXZlLWdpcmxzLWFyZS1oZXJlLXRvLWhlbHAtMS53ZWJwP3Q9MTc0NDA3MDQwMA,none,,,,
MangaFire,https://mangafire.to/manga/ishoujo33.42r1k,iShoujo (Colored),Toshinori Takayama,ambiguous,,,,ambiguous,,,,ambiguous,,,,
MangaFire,https://mangafire.to/manga/part-time-ghostt.902xn,Part-Time Ghost,バババババ,author-conflict,,,,author-conflict,,,,none,,,,
MangaFire,https://mangafire.to/manga/lady-oldmann.7jr1y,Lady & Oldman,Natsume Ono,title+author,403,Lady & Oldman,https://cdn.mangabaka.dev/imgproxy/plain/x250@1/aHR0cHM6Ly9zNC5hbmlsaXN0LmNvL2ZpbGUvYW5pbGlzdGNkbi9tZWRpYS9tYW5nYS9jb3Zlci9sYXJnZS9ieDk2MDE1LTcxQnZTR3hUZUxxcy5qcGc,title+author,403,Lady & Oldman,https://cdn.mangabaka.dev/imgproxy/plain/x250@1/aHR0cHM6Ly9zNC5hbmlsaXN0LmNvL2ZpbGUvYW5pbGlzdGNkbi9tZWRpYS9tYW5nYS9jb3Zlci9sYXJnZS9ieDk2MDE1LTcxQnZTR3hUZUxxcy5qcGc,title+author,96015,Lady & Oldman,https://s4.anilist.co/file/anilistcdn/media/manga/cover/medium/bx96015-71BvSGxTeLqs.jpg,
MangaFire,https://mangafire.to/manga/redoo.ll073,REDO,SeNMU,title+author,29399,REDO,https://cdn.mangabaka.dev/imgproxy/plain/x250@1/aHR0cHM6Ly9zNC5hbmlsaXN0LmNvL2ZpbGUvYW5pbGlzdGNkbi9tZWRpYS9tYW5nYS9jb3Zlci9sYXJnZS9ieDExNjY5OC1WUVNmRHZ2VUNsUmwucG5n,title+author,29399,REDO,https://cdn.mangabaka.dev/imgproxy/plain/x250@1/aHR0cHM6Ly9zNC5hbmlsaXN0LmNvL2ZpbGUvYW5pbGlzdGNkbi9tZWRpYS9tYW5nYS9jb3Zlci9sYXJnZS9ieDExNjY5OC1WUVNmRHZ2VUNsUmwucG5n,title+author,116698,REDO,https://s4.anilist.co/file/anilistcdn/media/manga/cover/medium/bx116698-VQSfDvvUClRl.png,
MangaFire,https://mangafire.to/manga/bakushin-ojou-sama-dou.yvl0j,Bakushin Ojou-sama Dou!,Shigatsu Shizuki,title+author,6913,Bakushin Ojousama-dou!,https://cdn.mangabaka.dev/imgproxy/plain/x250@1/aHR0cHM6Ly9zNC5hbmlsaXN0LmNvL2ZpbGUvYW5pbGlzdGNkbi9tZWRpYS9tYW5nYS9jb3Zlci9sYXJnZS9ieDE4ODg3MC1FdjBOV1ZNaUJmT1guanBn,title+author,6913,Bakushin Ojousama-dou!,https://cdn.mangabaka.dev/imgproxy/plain/x250@1/aHR0cHM6Ly9zNC5hbmlsaXN0LmNvL2ZpbGUvYW5pbGlzdGNkbi9tZWRpYS9tYW5nYS9jb3Zlci9sYXJnZS9ieDE4ODg3MC1FdjBOV1ZNaUJmT1guanBn,title+author,188870,Bakushin Ojou-sama-dou!,https://s4.anilist.co/file/anilistcdn/media/manga/cover/medium/bx188870-Ev0NWVMiBfOX.jpg,
MangaFire,https://mangafire.to/manga/brothers33.kzk4,Brothers,Kotetsuko Yamamoto,title+author,17506,Brothers,https://cdn.mangabaka.dev/imgproxy/plain/x250@1/aHR0cHM6Ly9zNC5hbmlsaXN0LmNvL2ZpbGUvYW5pbGlzdGNkbi9tZWRpYS9tYW5nYS9jb3Zlci9tZWRpdW0vMTk2MS5qcGc,title+author,17506,Brothers,https://cdn.mangabaka.dev/imgproxy/plain/x250@1/aHR0cHM6Ly9zNC5hbmlsaXN0LmNvL2ZpbGUvYW5pbGlzdGNkbi9tZWRpYS9tYW5nYS9jb3Zlci9tZWRpdW0vMTk2MS5qcGc,ambiguous,,,,
MangaFire,https://mangafire.to/manga/kinou-no-teki-wa-kyou-mo-teki.lxp5q,Kinou no Teki wa Kyou mo Teki,Yuni,title+author,3260,Kinou no Teki wa Kyou mo Teki,https://cdn.mangabaka.dev/imgproxy/plain/x250@1/aHR0cHM6Ly9pbWFnZXMubWFuZ2FiYWthLmRldi83LzgvOS82LzIvZS9iL2IvZDZkMi80NzUxLzk2NzQvMzJiMGI4NWY0Yzg1,title+author,3260,Kinou no Teki wa Kyou mo Teki,https://cdn.mangabaka.dev/imgproxy/plain/x250@1/aHR0cHM6Ly9pbWFnZXMubWFuZ2FiYWthLmRldi83LzgvOS82LzIvZS9iL2IvZDZkMi80NzUxLzk2NzQvMzJiMGI4NWY0Yzg1,title+author,188952,Kinou no Teki wa Kyou mo Teki,https://s4.anilist.co/file/anilistcdn/media/manga/cover/medium/bx188952-owr25178fBt2.jpg,
MangaFire,https://mangafire.to/manga/tsuki-no-sangoo.nook,Tsuki no Sango,"Kinoko Nasu, Shonen Sasaki",title+author,16748,Coral of the Moon,https://cdn.mangabaka.dev/imgproxy/plain/x250@1/aHR0cHM6Ly9zNC5hbmlsaXN0LmNvL2ZpbGUvYW5pbGlzdGNkbi9tZWRpYS9tYW5nYS9jb3Zlci9sYXJnZS9ueDcxOTU3LWR5V0pFdFIydXAwWS5qcGc,title+author,16748,Coral of the Moon,https://cdn.mangabaka.dev/imgproxy/plain/x250@1/aHR0cHM6Ly9zNC5hbmlsaXN0LmNvL2ZpbGUvYW5pbGlzdGNkbi9tZWRpYS9tYW5nYS9jb3Zlci9sYXJnZS9ueDcxOTU3LWR5V0pFdFIydXAwWS5qcGc,title+author,71957,Tsuki no Sango,https://s4.anilist.co/file/anilistcdn/media/manga/cover/medium/nx71957-dyWJEtR2up0Y.jpg,
MangaFire,https://mangafire.to/manga/koalovee.z18w3,Koalove,HAMAMOTO Ryusuke,title+author,20135,Koalove,https://cdn.mangabaka.dev/imgproxy/plain/x250@1/aHR0cHM6Ly9hcC1wcm94eS5tYW5nYWJha2EuZGV2L3Byb3h5LnBocD91cmw9aHR0cHM6Ly9jZG4uYW5pbWUtcGxhbmV0LmNvbS9tYW5nYS9wcmltYXJ5L2tvYWxvdmUtMS5qcGc_dD0xNjI1OTEzODMx,title+author,20135,Koalove,https://cdn.mangabaka.dev/imgproxy/plain/x250@1/aHR0cHM6Ly9hcC1wcm94eS5tYW5nYWJha2EuZGV2L3Byb3h5LnBocD91cmw9aHR0cHM6Ly9jZG4uYW5pbWUtcGxhbmV0LmNvbS9tYW5nYS9wcmltYXJ5L2tvYWxvdmUtMS5qcGc_dD0xNjI1OTEzODMx,none,,,,
MangaFire,https://mangafire.to/manga/yofukashi-no-uta-fan-coloredd.3p092,Call of the Night (Fan-Colored) (Colored),Kotoyama,title+author,5415,Call of the Night,https://cdn.mangabaka.dev/imgproxy/plain/x250@1/aHR0cHM6Ly9pbWFnZXMubWFuZ2FiYWthLmRldi9hL2MvMy9kLzAvMy83LzcvYjA0YS80MmQ3LzkwNjAvZGViOTViNDcxNWQ5,title+author,5415,Call of the Night,https://cdn.mangabaka.dev/imgproxy/plain/x250@1/aHR0cHM6Ly9pbWFnZXMubWFuZ2FiYWthLmRldi9hL2MvMy9kLzAvMy83LzcvYjA0YS80MmQ3LzkwNjAvZGViOTViNDcxNWQ5,title+author,111233,Yofukashi no Uta,https://s4.anilist.co/file/anilistcdn/media/manga/cover/medium/bx111233-bQQV6KWMBXz4.jpg,
MangaFire,https://mangafire.to/manga/mama-yuhai-hou-bei-wo-bian-chengle-maoniang.lxp86,"After My Mother Was Murdered, I Turned Her Into a Cat Girl",花香蘑菇,author-conflict,,,,author-conflict,,,,author-conflict,,,,
MangaFire,https://mangafire.to/manga/i-pick-up-trash-in-the-apocalypse.np18j,I Pick Up Trash in the Apocalypse,,title-unique,94020,Wo Zai Moshì Jian Laji,https://cdn.mangabaka.dev/imgproxy/plain/x250@1/aHR0cHM6Ly9zNC5hbmlsaXN0LmNvL2ZpbGUvYW5pbGlzdGNkbi9tZWRpYS9tYW5nYS9jb3Zlci9tZWRpdW0vYjE5MDM3NS1qUkxXMmtTcENkVlouanBn,title-unique,94020,Wo Zai Moshì Jian Laji,https://cdn.mangabaka.dev/imgproxy/plain/x250@1/aHR0cHM6Ly9zNC5hbmlsaXN0LmNvL2ZpbGUvYW5pbGlzdGNkbi9tZWRpYS9tYW5nYS9jb3Zlci9tZWRpdW0vYjE5MDM3NS1qUkxXMmtTcENkVlouanBn,title-unique,190375,Wo Zai Moshì Jian Laji,https://s4.anilist.co/file/anilistcdn/media/manga/cover/medium/b190375-jRLW2kSpCdVZ.jpg,
MangaFire,https://mangafire.to/manga/gyeonwoo-and-the-priestesss.4q3zx,Gyeonwoo and the Priestess,Soomin Ahn,author-conflict,,,,author-conflict,,,,author-conflict,,,,
MangaFire,https://mangafire.to/manga/sare-tsuma-no-revenge.4230m,Sare Tsuma no Revenge,"Nakagami Takashi, TSUZUKI Nanami, comee",title+author,8770,Sare Tsuma no Revenge,https://cdn.mangabaka.dev/imgproxy/plain/x250@1/aHR0cHM6Ly9jZG4ubWFuZ2F1cGRhdGVzLmNvbS9pbWFnZS9pNDIyMTU1LmpwZw,title+author,8770,Sare Tsuma no Revenge,https://cdn.mangabaka.dev/imgproxy/plain/x250@1/aHR0cHM6Ly9jZG4ubWFuZ2F1cGRhdGVzLmNvbS9pbWFnZS9pNDIyMTU1LmpwZw,none,,,,
MangaFire,https://mangafire.to/manga/jibeuro-dollyeobonae-juseyoo.wo17o,Take Me Back Home,Ji Lee,title+author,49059,Take Me Back Home,https://cdn.mangabaka.dev/imgproxy/plain/x250@1/aHR0cHM6Ly9pbWFnZXMubWFuZ2FiYWthLmRldi81L2EvZC8zLzIvNC84LzkvNDBiOS80NDMzLzgxN2MvZjYwM2RlOTJlNDFm,title+author,49059,Take Me Back Home,https://cdn.mangabaka.dev/imgproxy/plain/x250@1/aHR0cHM6Ly9pbWFnZXMubWFuZ2FiYWthLmRldi81L2EvZC8zLzIvNC84LzkvNDBiOS80NDMzLzgxN2MvZjYwM2RlOTJlNDFm,title+author,141121,Jibeuro Dollyeobonae Juseyo,https://s4.anilist.co/file/anilistcdn/media/manga/cover/medium/bx141121-X80aL1dCx3wb.png,
MangaFire,https://mangafire.to/manga/eunuch-of-empire.ol9yj,Eunuch of Empire,Kei Saikawa / Kotaro Shono,title+author,1286,Eunuch of Empire,https://cdn.mangabaka.dev/imgproxy/plain/x250@1/aHR0cHM6Ly9pbWFnZXMubWFuZ2FiYWthLmRldi82L2MvNS82L2MvNy9iL2MvMDExOC80MzZmL2FkMzYvNTY0OWY4NTg0ODA5,title+author,1286,Eunuch of Empire,https://cdn.mangabaka.dev/imgproxy/plain/x250@1/aHR0cHM6Ly9pbWFnZXMubWFuZ2FiYWthLmRldi82L2MvNS82L2MvNy9iL2MvMDExOC80MzZmL2FkMzYvNTY0OWY4NTg0ODA5,title+author,186521,Mekkoku no Kangan,https://s4.anilist.co/file/anilistcdn/media/manga/cover/medium/bx186521-SMbAT47DavUw.jpg,
MangaFire,https://mangafire.to/manga/cleopatra-and-the-iron-crosss.mqqzz,Cleopatra and the Iron Cross,Jouji Manabe,title+author,37828,Patra to Tetsujuuji,https://cdn.mangabaka.dev/imgproxy/plain/x250@1/aHR0cHM6Ly9zNC5hbmlsaXN0LmNvL2ZpbGUvYW5pbGlzdGNkbi9tZWRpYS9tYW5nYS9jb3Zlci9sYXJnZS9ieDExNTM5NS1WZXdzR0x1eWllUDQuanBn,title+author,37828,Patra to Tetsujuuji,https://cdn.mangabaka.dev/imgproxy/plain/x250@1/aHR0cHM6Ly9zNC5hbmlsaXN0LmNvL2ZpbGUvYW5pbGlzdGNkbi9tZWRpYS9tYW5nYS9jb3Zlci9sYXJnZS9ieDExNTM5NS1WZXdzR0x1eWllUDQuanBn,title+author,115395,Patora to Tetsujuuji,https://s4.anilist.co/file/anilistcdn/media/manga/cover/medium/bx115395-VewsGLuyieP4.jpg,
MangaFire,https://mangafire.to/manga/nihonmatsu-kyoudai-to-mokuzou-keikoku-no-boukenn.2ol02,Nihonmatsu Kyoudai to Mokuzou Keikoku no Bouken,Satoshi Mizukami,title+author,25876,Nihonmatsu Kyoudai to Mokuzou Keikoku no Bouken,https://cdn.mangabaka.dev/imgproxy/plain/x250@1/aHR0cHM6Ly9zNC5hbmlsaXN0LmNvL2ZpbGUvYW5pbGlzdGNkbi9tZWRpYS9tYW5nYS9jb3Zlci9sYXJnZS9ueDk5OTYyLWp1cld1U2Y5bURwNy5qcGc,title+author,25876,Nihonmatsu Kyoudai to Mokuzou Keikoku no Bouken,https://cdn.mangabaka.dev/imgproxy/plain/x250@1/aHR0cHM6Ly9zNC5hbmlsaXN0LmNvL2ZpbGUvYW5pbGlzdGNkbi9tZWRpYS9tYW5nYS9jb3Zlci9sYXJnZS9ueDk5OTYyLWp1cld1U2Y5bURwNy5qcGc,title+author,99962,Nihonmatsu Kyoudai to Mokuzou Keikoku no Bouken,https://s4.anilist.co/file/anilistcdn/media/manga/cover/medium/nx99962-jurWuSf9mDp7.jpg,
AsuraScans,https://asurascans.com/comics/above-the-heavens,Above the Heavens,Er Zhou Mu Manhua,title-unique,49380,Cang Tian Zai Xia,https://cdn.mangabaka.dev/imgproxy/plain/x250@1/aHR0cHM6Ly9zNC5hbmlsaXN0LmNvL2ZpbGUvYW5pbGlzdGNkbi9tZWRpYS9tYW5nYS9jb3Zlci9tZWRpdW0vYjE0MDA1MC1DeDk3V1lQTjZTWkIuanBn,author-conflict,,,,author-conflict,,,,
AsuraScans,https://asurascans.com/comics/chronicles-of-the-martial-gods-return,Chronicles Of The Martial God's Return,Myosu,title+author,6824,Return of the War God,https://cdn.mangabaka.dev/imgproxy/plain/x250@1/aHR0cHM6Ly9pbWFnZXMubWFuZ2FiYWthLmRldi83L2IvOC85LzAvNS85LzcvYTBkNC80ZWVkLzgzZWUvMzczNmE5Njg5NGJl,title+author,6824,Return of the War God,https://cdn.mangabaka.dev/imgproxy/plain/x250@1/aHR0cHM6Ly9pbWFnZXMubWFuZ2FiYWthLmRldi83L2IvOC85LzAvNS85LzcvYTBkNC80ZWVkLzgzZWUvMzczNmE5Njg5NGJl,title+author,150319,Musingwihwallok,https://s4.anilist.co/file/anilistcdn/media/manga/cover/medium/bx150319-Q5hDqxkIk2LR.png,
AsuraScans,https://asurascans.com/comics/to-hell-with-the-status-window,To Hell With the Status Window,Thorn,author-conflict,,,,author-conflict,,,,author-conflict,,,,
AsuraScans,https://asurascans.com/comics/legendary-youngest-son-of-the-marquis-house,Legendary Youngest Son of the Marquis House,Raccoon,title-unique,1230,Jack Be Invincible,https://cdn.mangabaka.dev/imgproxy/plain/x250@1/aHR0cHM6Ly9pbWFnZXMubWFuZ2FiYWthLmRldi9lLzQvMy8xLzAvNi8xLzUvNzM0MC80ZmQ2L2IzMDgvODdhNmZkMWEzZWE0,title-unique,1230,Jack Be Invincible,https://cdn.mangabaka.dev/imgproxy/plain/x250@1/aHR0cHM6Ly9pbWFnZXMubWFuZ2FiYWthLmRldi9lLzQvMy8xLzAvNi8xLzUvNzM0MC80ZmQ2L2IzMDgvODdhNmZkMWEzZWE0,author-conflict,,,,
AsuraScans,https://asurascans.com/comics/absolute-regression,Absolute Regression,Jang Yeonghun,title+author,1186,Absolute Regression,https://cdn.mangabaka.dev/imgproxy/plain/x250@1/aHR0cHM6Ly9pbWFnZXMubWFuZ2FiYWthLmRldi9lL2UvYi81LzUvOC81LzMvNTQyNy80YWY5LzhmMGEvNjFiNjI3MWUyNDU3,title+author,1186,Absolute Regression,https://cdn.mangabaka.dev/imgproxy/plain/x250@1/aHR0cHM6Ly9pbWFnZXMubWFuZ2FiYWthLmRldi9lL2UvYi81LzUvOC81LzMvNTQyNy80YWY5LzhmMGEvNjFiNjI3MWUyNDU3,title+author,180891,Jeoldaehoegwi,https://s4.anilist.co/file/anilistcdn/media/manga/cover/medium/bx180891-ZBbyOWSYI41R.jpg,
AsuraScans,https://asurascans.com/comics/return-of-the-sss-class-ranker,Return of the SSS-Class Ranker,Gald,title+author,55456,The SSS-Ranker Returns,https://cdn.mangabaka.dev/imgproxy/plain/x250@1/aHR0cHM6Ly9pbWFnZXMubWFuZ2FiYWthLmRldi8xLzUvYi8wLzAvYy8wLzUvYzJhMi80Njk4L2JjODYvNGQ0ZGZmNzZlMGZk,title+author,55456,The SSS-Ranker Returns,https://cdn.mangabaka.dev/imgproxy/plain/x250@1/aHR0cHM6Ly9pbWFnZXMubWFuZ2FiYWthLmRldi8xLzUvYi8wLzAvYy8wLzUvYzJhMi80Njk4L2JjODYvNGQ0ZGZmNzZlMGZk,title+author,153883,SSS-geup Ranker Hoegwihada,https://s4.anilist.co/file/anilistcdn/media/manga/cover/medium/bx153883-thHiGEnqxFoB.jpg,
AsuraScans,https://asurascans.com/comics/legend-of-the-reincarnated-demon-god,Legend of the Reincarnated Demon God,GONE,title+author,1271,Paragon Demon: Revenant Saga,https://cdn.mangabaka.dev/imgproxy/plain/x250@1/aHR0cHM6Ly9pbWFnZXMubWFuZ2FiYWthLmRldi9mLzcvNS83LzUvZC9jL2MvODliMC80YTY0L2I0ZmEvMTQ2YTRmYjA1YWJl,title+author,1271,Paragon Demon: Revenant Saga,https://cdn.mangabaka.dev/imgproxy/plain/x250@1/aHR0cHM6Ly9pbWFnZXMubWFuZ2FiYWthLmRldi9mLzcvNS83LzUvZC9jL2MvODliMC80YTY0L2I0ZmEvMTQ2YTRmYjA1YWJl,title+author,185817,Hwansaengmasinjeon,https://s4.anilist.co/file/anilistcdn/media/manga/cover/medium/bx185817-aU4NmffDegNi.jpg,
AsuraScans,https://asurascans.com/comics/limit-breaking-genius-mage,Limit-Breaking Genius Mage,Ice Chocolate,title-unique,350040,Limit-Breaking Genius Mage,https://cdn.mangabaka.dev/imgproxy/plain/x250@1/aHR0cHM6Ly9pbWFnZXMubWFuZ2FiYWthLmRldi83L2YvMi9iLzYvOS8wLzgvMmM1My80MTkyLzllMjcvNTU3OGY5NzEzMTVk,title-unique,350040,Limit-Breaking Genius Mage,https://cdn.mangabaka.dev/imgproxy/plain/x250@1/aHR0cHM6Ly9pbWFnZXMubWFuZ2FiYWthLmRldi83L2YvMi9iLzYvOS8wLzgvMmM1My80MTkyLzllMjcvNTU3OGY5NzEzMTVk,author-conflict,,,,
AsuraScans,https://asurascans.com/comics/god-tier-extras-ultimate-guide-remake,God-Tier Extra's Ultimate Guide (Remake),Coldcat,title-unique,58534,A World-Class Walkthrough,https://cdn.mangabaka.dev/imgproxy/plain/x250@1/aHR0cHM6Ly9pbWFnZXMubWFuZ2FiYWthLmRldi8xL2MvNi8yLzQvZC85LzcvYzk1Ni80Njk5LzgyMjAvZjYzYmE4ZDAyZjJk,title-unique,58534,A World-Class Walkthrough,https://cdn.mangabaka.dev/imgproxy/plain/x250@1/aHR0cHM6Ly9pbWFnZXMubWFuZ2FiYWthLmRldi8xL2MvNi8yLzQvZC85LzcvYzk1Ni80Njk5LzgyMjAvZjYzYmE4ZDAyZjJk,author-conflict,,,,
AsuraScans,https://asurascans.com/comics/revenge-of-the-iron-blooded-sword-hound,Revenge of the Iron-Blooded Sword Hound,Legobalbasseo,title-unique,808,Revenge of the Baskerville Bloodhound,https://cdn.mangabaka.dev/imgproxy/plain/x250@1/aHR0cHM6Ly9pbWFnZXMubWFuZ2FiYWthLmRldi8yLzQvMy9kLzEvYy85LzEvODg1ZC80MjhhLzg2YTQvZTMxZTIyZDc4MDVh,author-conflict,,,,author-conflict,,,,
AsuraScans,https://asurascans.com/comics/the-knight-king-who-returned-with-a-god,The Knight King Who Returned with a God,Jidaegong Mabeobsonyeon,title-unique,66809,Singwahamkke Doraon Gisawangnim,https://cdn.mangabaka.dev/imgproxy/plain/x250@1/aHR0cHM6Ly9pbWFnZXMubWFuZ2FiYWthLmRldi8xL2IvOC81LzgvMC80LzIvOTRhNi80Njc2Lzg0MGQvMWE3Y2ZiMjE1ODcx,title-unique,66809,Singwahamkke Doraon Gisawangnim,https://cdn.mangabaka.dev/imgproxy/plain/x250@1/aHR0cHM6Ly9pbWFnZXMubWFuZ2FiYWthLmRldi8xL2IvOC81LzgvMC80LzIvOTRhNi80Njc2Lzg0MGQvMWE3Y2ZiMjE1ODcx,author-conflict,,,,
AsuraScans,https://asurascans.com/comics/my-healing-game,My Healing Game,Wo Hui Xiu Kongtiao,title-unique,55521,Wo De Zhiyu Xi Youxi,https://cdn.mangabaka.dev/imgproxy/plain/x250@1/aHR0cHM6Ly9zNC5hbmlsaXN0LmNvL2ZpbGUvYW5pbGlzdGNkbi9tZWRpYS9tYW5nYS9jb3Zlci9sYXJnZS9ieDE1NDE2Mi1hQkloaVpSRHZtRFUuanBn,title-unique,55521,Wo De Zhiyu Xi Youxi,https://cdn.mangabaka.dev/imgproxy/plain/x250@1/aHR0cHM6Ly9zNC5hbmlsaXN0LmNvL2ZpbGUvYW5pbGlzdGNkbi9tZWRpYS9tYW5nYS9jb3Zlci9sYXJnZS9ieDE1NDE2Mi1hQkloaVpSRHZtRFUuanBn,author-conflict,,,,
AsuraScans,https://asurascans.com/comics/sss-class-suicide-hunter,SSS-Class Suicide Hunter,Neida,title+author,1451,SSS-Class Revival Hunter,https://cdn.mangabaka.dev/imgproxy/plain/x250@1/aHR0cHM6Ly9pbWFnZXMubWFuZ2FiYWthLmRldi8wLzQvMS8yL2QvMi9jLzgvNGY2ZS80MWQ5L2E0ODIvYWI5YTIwYWZhYmM2,title+author,1451,SSS-Class Revival Hunter,https://cdn.mangabaka.dev/imgproxy/plain/x250@1/aHR0cHM6Ly9pbWFnZXMubWFuZ2FiYWthLmRldi8wLzQvMS8yL2QvMi9jLzgvNGY2ZS80MWQ5L2E0ODIvYWI5YTIwYWZhYmM2,title+author,128067,SSS-geup Jugeoya Saneun Hunter,https://s4.anilist.co/file/anilistcdn/media/manga/cover/medium/bx128067-wnLBg6Cy1ncs.jpg,
AsuraScans,https://asurascans.com/comics/legend-of-asura-the-venom-dragon,Legend of Asura – The Venom Dragon,Sinieo,title-unique,47783,Legend of an Asura - The Poison Dragon,https://cdn.mangabaka.dev/imgproxy/plain/x250@1/aHR0cHM6Ly9pbWFnZXMubWFuZ2FiYWthLmRldi8wL2YvMi9lLzEvMi9hL2UvYTE2Zi80NjMwL2JkNmIvMDJhZmQ1ZDJhNzJi,author-conflict,,,,author-conflict,,,,
AsuraScans,https://asurascans.com/comics/a-million-sub-gym-influencer-becomes-a-webtoon-loser,A Million-Sub Gym Influencer Becomes a Webtoon Loser?,John Stone,title+author,200987,100-man Undong YouTuber-in Naega I Webtoon-eseoneun Choneungnyeokdo Eomneun Jjeori? -Buje: Wollae Geuraesseum-,https://cdn.mangabaka.dev/imgproxy/plain/x250@1/aHR0cHM6Ly9pbWFnZXMubWFuZ2FiYWthLmRldi84LzUvZi85L2UvYi9iLzgvZDA0NC80NWIwL2JkYmQvMDdlZGZhYjE4ZmYy,title+author,200987,100-man Undong YouTuber-in Naega I Webtoon-eseoneun Choneungnyeokdo Eomneun Jjeori? -Buje: Wollae Geuraesseum-,https://cdn.mangabaka.dev/imgproxy/plain/x250@1/aHR0cHM6Ly9pbWFnZXMubWFuZ2FiYWthLmRldi84LzUvZi85L2UvYi9iLzgvZDA0NC80NWIwL2JkYmQvMDdlZGZhYjE4ZmYy,title+author,192013,100-man Undong YouTuber-in Naega I Webtoon-eseoneun Choneungnyeokdo Eomneun Jjeori? -Buje: Wollae Geuraesseum-,https://s4.anilist.co/file/anilistcdn/media/manga/cover/medium/bx192013-ZttUWXqcO4YL.jpg,
AsuraScans,https://asurascans.com/comics/overpowered-sword,Overpowered Sword,Eldo,title-unique,54182,Disciple of the Holy Sword,https://cdn.mangabaka.dev/imgproxy/plain/x250@1/aHR0cHM6Ly9pbWFnZXMubWFuZ2FiYWthLmRldi9jLzMvYy80LzYvYi8yL2EvMWExZC80YjNkLzgwNmMvMDQwMTY2MmQ4YjMz,title-unique,54182,Disciple of the Holy Sword,https://cdn.mangabaka.dev/imgproxy/plain/x250@1/aHR0cHM6Ly9pbWFnZXMubWFuZ2FiYWthLmRldi9jLzMvYy80LzYvYi8yL2EvMWExZC80YjNkLzgwNmMvMDQwMTY2MmQ4YjMz,author-conflict,,,,
AsuraScans,https://asurascans.com/comics/return-of-the-bloodthirsty-police,Return of the Bloodthirsty Police,Lee Je-Hwan,title+author,62949,Killer Cop,https://cdn.mangabaka.dev/imgproxy/plain/x250@1/aHR0cHM6Ly9pbWFnZXMubWFuZ2FiYWthLmRldi84L2IvZi85L2IvYy9lLzAvZGYzZC80NmUyL2JlMzIvOWZhNGFiNGNjODM5,title+author,62949,Killer Cop,https://cdn.mangabaka.dev/imgproxy/plain/x250@1/aHR0cHM6Ly9pbWFnZXMubWFuZ2FiYWthLmRldi84L2IvZi85L2IvYy9lLzAvZGYzZC80NmUyL2JlMzIvOWZhNGFiNGNjODM5,title+author,165905,Killer Gyeongchal,https://s4.anilist.co/file/anilistcdn/media/manga/cover/medium/bx165905-4BGDgn9GYrbq.png,
AsuraScans,https://asurascans.com/comics/nano-machine,Nano Machine,Great H,title-unique,145,Nano Machine,https://cdn.mangabaka.dev/imgproxy/plain/x250@1/aHR0cHM6Ly9pbWFnZXMubWFuZ2FiYWthLmRldi8wL2EvOC82L2YvMS9hL2YvZjIxZi80MTkxLzg4ZGUvZjAwZTY1NTY3ODQy,title-unique,145,Nano Machine,https://cdn.mangabaka.dev/imgproxy/plain/x250@1/aHR0cHM6Ly9pbWFnZXMubWFuZ2FiYWthLmRldi8wL2EvOC82L2YvMS9hL2YvZjIxZi80MTkxLzg4ZGUvZjAwZTY1NTY3ODQy,author-conflict,,,,
AsuraScans,https://asurascans.com/comics/the-magic-towers-problem-child,The Magic Tower's Problem Child,Jerry M,title+author,112378,The White Tower’s Rogue Mage,https://cdn.mangabaka.dev/imgproxy/plain/x250@1/aHR0cHM6Ly9pbWFnZXMubWFuZ2FiYWthLmRldi9jLzUvMS82L2MvOS8wLzcvOTdjNi80YWU1L2JkZWEvODc4MTVjYjY4YTZj,title+author,112378,The White Tower’s Rogue Mage,https://cdn.mangabaka.dev/imgproxy/plain/x250@1/aHR0cHM6Ly9pbWFnZXMubWFuZ2FiYWthLmRldi9jLzUvMS82L2MvOS8wLzcvOTdjNi80YWU1L2JkZWEvODc4MTVjYjY4YTZj,title+author,189264,Matabui Munjeadeul,https://s4.anilist.co/file/anilistcdn/media/manga/cover/medium/bx189264-WcCuyCJAqsGA.jpg,
AsuraScans,https://asurascans.com/comics/doctors-rebirth,Doctor’s Rebirth,Soboro,title-unique,116415,Twice Upon a Time,https://cdn.mangabaka.dev/imgproxy/plain/x250@1/aHR0cHM6Ly9zNC5hbmlsaXN0LmNvL2ZpbGUvYW5pbGlzdGNkbi9tZWRpYS9tYW5nYS9jb3Zlci9sYXJnZS9ieDE4MzgxNC1tOG9ocU84M3ZnTG0ucG5n,author-conflict,,,,author-conflict,,,,
AsuraScans,https://asurascans.com/comics/kill-the-dragon,Kill The Dragon,Baeksu Noble,title+author,84120,Kill the Dragon,https://cdn.mangabaka.dev/imgproxy/plain/x250@1/aHR0cHM6Ly9jZG4ubXlhbmltZWxpc3QubmV0L2ltYWdlcy9tYW5nYS8zLzMxMDcyMGwuanBn,title+author,84120,Kill the Dragon,https://cdn.mangabaka.dev/imgproxy/plain/x250@1/aHR0cHM6Ly9jZG4ubXlhbmltZWxpc3QubmV0L2ltYWdlcy9tYW5nYS8zLzMxMDcyMGwuanBn,author-conflict,,,,
AsuraScans,https://asurascans.com/comics/the-last-adventurer,The Last Adventurer,Blue Lobster,title+author,9766,The Last Adventurer,https://cdn.mangabaka.dev/imgproxy/plain/x250@1/aHR0cHM6Ly9pbWFnZXMubWFuZ2FiYWthLmRldi85LzAvOS9lL2QvOC84L2UvMGI3MC80YzkxLzk0ZjYvNGE5NWUxYTM4NjM5,title+author,9766,The Last Adventurer,https://cdn.mangabaka.dev/imgproxy/plain/x250@1/aHR0cHM6Ly9pbWFnZXMubWFuZ2FiYWthLmRldi85LzAvOS9lL2QvOC84L2UvMGI3MC80YzkxLzk0ZjYvNGE5NWUxYTM4NjM5,title+author,177982,Choehuui Moheomga,https://s4.anilist.co/file/anilistcdn/media/manga/cover/medium/bx177982-7ut7tTurvWc2.jpg,
AsuraScans,https://asurascans.com/comics/chronicles-of-the-lazy-sovereign,Chronicles of the Lazy Sovereign,Biga,title+author,361121,Chronicles of the Lazy Sovereign,https://cdn.mangabaka.dev/imgproxy/plain/x250@1/aHR0cHM6Ly9pbWFnZXMubWFuZ2FiYWthLmRldi81LzkvNC84LzIvYi9hLzAvMTZkYy80ODllL2IxMjcvZGE5NDFkZGM1MGJh,title+author,361121,Chronicles of the Lazy Sovereign,https://cdn.mangabaka.dev/imgproxy/plain/x250@1/aHR0cHM6Ly9pbWFnZXMubWFuZ2FiYWthLmRldi81LzkvNC84LzIvYi9hLzAvMTZkYy80ODllL2IxMjcvZGE5NDFkZGM1MGJh,title+author,195914,Taejonbirok,https://s4.anilist.co/file/anilistcdn/media/manga/cover/medium/bx195914-6lub8mSgYhuf.jpg,
AsuraScans,https://asurascans.com/comics/reincarnators-stream,Reincarnator’s Stream,Heuk Ain,title+author,568468,Streaming My Second Life,https://cdn.mangabaka.dev/imgproxy/plain/x250@1/aHR0cHM6Ly9pbWFnZXMubWFuZ2FiYWthLmRldi83L2EvMC82L2QvZS82LzQvNzdmZi80NTQzL2FmOGMvNTBmYTEwMjEwZjYx,title+author,568468,Streaming My Second Life,https://cdn.mangabaka.dev/imgproxy/plain/x250@1/aHR0cHM6Ly9pbWFnZXMubWFuZ2FiYWthLmRldi83L2EvMC82L2QvZS82LzQvNzdmZi80NTQzL2FmOGMvNTBmYTEwMjEwZjYx,title+author,203593,Tensei Streamer,https://s4.anilist.co/file/anilistcdn/media/manga/cover/medium/bx203593-L46M3wKxLkc2.jpg,
AsuraScans,https://asurascans.com/comics/wandering-warrior-of-wudang,Wandering Warrior of Wudang,Eunyeol,title+author,7973,The Grand Mudang Saga,https://cdn.mangabaka.dev/imgproxy/plain/x250@1/aHR0cHM6Ly9pbWFnZXMubWFuZ2FiYWthLmRldi9lL2QvYS9mL2IvYi9jLzMvMWUxNy80YzkzL2FiYTcvZjA5OTgyOTRkMTQy,title+author,7973,The Grand Mudang Saga,https://cdn.mangabaka.dev/imgproxy/plain/x250@1/aHR0cHM6Ly9pbWFnZXMubWFuZ2FiYWthLmRldi9lL2QvYS9mL2IvYi9jLzMvMWUxNy80YzkzL2FiYTcvZjA5OTgyOTRkMTQy,title+author,127783,Mudanggihyeop,https://s4.anilist.co/file/anilistcdn/media/manga/cover/medium/bx127783-w815MAkxXYr6.jpg,
AsuraScans,https://asurascans.com/comics/the-book-of-lagier,The Book of Lagier,GongDeunTop,author-conflict,,,,author-conflict,,,,author-conflict,,,,
AsuraScans,https://asurascans.com/comics/return-of-the-shattered-constellation,Return Of The Shattered Constellation,Sadoyeon,title+author,50142,The Divine Twilight's Return,https://cdn.mangabaka.dev/imgproxy/plain/x250@1/aHR0cHM6Ly9pbWFnZXMubWFuZ2FiYWthLmRldi8yL2IvNC9lLzMvMi8yLzYvYWRmYS80OWExLzk3OWYvM2RjNDQ5NjNiZmE5,title+author,50142,The Divine Twilight's Return,https://cdn.mangabaka.dev/imgproxy/plain/x250@1/aHR0cHM6Ly9pbWFnZXMubWFuZ2FiYWthLmRldi8yL2IvNC9lLzMvMi8yLzYvYWRmYS80OWExLzk3OWYvM2RjNDQ5NjNiZmE5,title+author,143117,Buseojin Seongjwaui Hoegwi,https://s4.anilist.co/file/anilistcdn/media/manga/cover/medium/bx143117-RkTi17DYV6Ur.jpg,
AsuraScans,https://asurascans.com/comics/i-shall-live-as-a-prince,I Shall Live As a Prince,Dopamine,title+author,48110,My Royal Awakening,https://cdn.mangabaka.dev/imgproxy/plain/x250@1/aHR0cHM6Ly9pbWFnZXMubWFuZ2FiYWthLmRldi9mLzYvMS9kLzAvNy83LzMvNmEyNC80MjFmL2I3MzAvODg1NmQ4MjJmODRj,title+author,48110,My Royal Awakening,https://cdn.mangabaka.dev/imgproxy/plain/x250@1/aHR0cHM6Ly9pbWFnZXMubWFuZ2FiYWthLmRldi9mLzYvMS9kLzAvNy83LzMvNmEyNC80MjFmL2I3MzAvODg1NmQ4MjJmODRj,title+author,135015,Daeguneuro Sareoriratda,https://s4.anilist.co/file/anilistcdn/media/manga/cover/medium/bx135015-VnuJlXrJmMUA.jpg,
AsuraScans,https://asurascans.com/comics/sons-retribution,Son's Retribution,Jeong Chan,title+author,79640,The Bad Son,https://cdn.mangabaka.dev/imgproxy/plain/x250@1/aHR0cHM6Ly9pbWFnZXMubWFuZ2FiYWthLmRldi80L2UvZC8yL2EvMy8yLzcvODE0NC80MWJiLzgxODYvZmViYjVmYTE2ZGUz,title+author,79640,The Bad Son,https://cdn.mangabaka.dev/imgproxy/plain/x250@1/aHR0cHM6Ly9pbWFnZXMubWFuZ2FiYWthLmRldi80L2UvZC8yL2EvMy8yLzcvODE0NC80MWJiLzgxODYvZmViYjVmYTE2ZGUz,title+author,184111,Bulhyoja,https://s4.anilist.co/file/anilistcdn/media/manga/cover/medium/bx184111-rZa37lCoVMj6.png,
AsuraScans,https://asurascans.com/comics/the-second-coming-of-gluttony,The Second Coming of Gluttony,Kim Jong-il,title+author,37371,The Second Coming of Gluttony,https://cdn.mangabaka.dev/imgproxy/plain/x250@1/aHR0cHM6Ly9pbWFnZXMubWFuZ2FiYWthLmRldi84LzYvZS9lLzIvNC8xLzcvNTlkNC80ZWJhLzkzYmYvN2JjZDBkMDYzNWUw,title+author,37371,The Second Coming of Gluttony,https://cdn.mangabaka.dev/imgproxy/plain/x250@1/aHR0cHM6Ly9pbWFnZXMubWFuZ2FiYWthLmRldi84LzYvZS9lLzIvNC8xLzcvNTlkNC80ZWJhLzkzYmYvN2JjZDBkMDYzNWUw,title+author,114198,Tamsig-ui Jaerim,https://s4.anilist.co/file/anilistcdn/media/manga/cover/medium/bx114198-0qSpHmfzpv5K.jpg,
AsuraScans,https://asurascans.com/comics/i-became-the-successor-of-the-martial-god,I Became the Successor of the Martial God,Grubam,title+author,186247,I Became the Successor of the Martial God,https://cdn.mangabaka.dev/imgproxy/plain/x250@1/aHR0cHM6Ly9pbWFnZXMubWFuZ2FiYWthLmRldi8yL2IvZS9kLzIvNy9iL2MvNmMyYS80NTczLzkzOWQvYjY1YTQ1NmE1NjU5,title+author,186247,I Became the Successor of the Martial God,https://cdn.mangabaka.dev/imgproxy/plain/x250@1/aHR0cHM6Ly9pbWFnZXMubWFuZ2FiYWthLmRldi8yL2IvZS9kLzIvNy9iL2MvNmMyYS80NTczLzkzOWQvYjY1YTQ1NmE1NjU5,title+author,189739,Musinui Hugyejaga Doeeossda,https://s4.anilist.co/file/anilistcdn/media/manga/cover/medium/bx189739-2mgEGalNKait.jpg,
AsuraScans,https://asurascans.com/comics/my-insanely-competent-underlings,My Insanely Competent Underlings,Ban-in Ban-gyo,title+author,9218,My Insanely Strong Henchmen,https://cdn.mangabaka.dev/imgproxy/plain/x250@1/aHR0cHM6Ly9pbWFnZXMubWFuZ2FiYWthLmRldi8wLzQvYi83LzUvMy9iLzkvYWRlYS80ODZiLzgyMWMvN2NiNmQ2ZGNkMjZl,title+author,9218,My Insanely Strong Henchmen,https://cdn.mangabaka.dev/imgproxy/plain/x250@1/aHR0cHM6Ly9pbWFnZXMubWFuZ2FiYWthLmRldi8wLzQvYi83LzUvMy9iLzkvYWRlYS80ODZiLzgyMWMvN2NiNmQ2ZGNkMjZl,title+author,158488,Nae Buhadeuri Michindeusi Yuneunghada,https://s4.anilist.co/file/anilistcdn/media/manga/cover/medium/bx158488-88oQAu9fSFMn.jpg,
AsuraScans,https://asurascans.com/comics/regression-of-the-yong-clan-heir,Regression of the Yong Clan Heir,Kim Eun,title+author,112183,Regression of the Yong Clan Heir,https://cdn.mangabaka.dev/imgproxy/plain/x250@1/aHR0cHM6Ly9pbWFnZXMubWFuZ2FiYWthLmRldi80L2MvNy84LzEvZi9mL2YvMWZiMS80ZTFhLzhmZjAvNjdmZTdmOTQ2M2U2,title+author,112183,Regression of the Yong Clan Heir,https://cdn.mangabaka.dev/imgproxy/plain/x250@1/aHR0cHM6Ly9pbWFnZXMubWFuZ2FiYWthLmRldi80L2MvNy84LzEvZi9mL2YvMWZiMS80ZTFhLzhmZjAvNjdmZTdmOTQ2M2U2,title+author,188216,Cheonjungyongmun,https://s4.anilist.co/file/anilistcdn/media/manga/cover/medium/bx188216-mTtOB8nOl1iO.jpg,
AsuraScans,https://asurascans.com/comics/dukedoms-legendary-prodigy,Dukedom’s Legendary Prodigy,Chena,ambiguous,,,,ambiguous,,,,ambiguous,,,,
AsuraScans,https://asurascans.com/comics/the-indomitable-martial-king,The Indomitable Martial King,Badmoon,title-unique,322,The Reincarnated King of Fists,https://cdn.mangabaka.dev/imgproxy/plain/x250@1/aHR0cHM6Ly9pbWFnZXMubWFuZ2FiYWthLmRldi9jLzAvYi9kL2YvMi83L2MvMzQzNy80NDQxL2JhMDMvYTRmMzU0NzdmZjI3,author-conflict,,,,author-conflict,,,,
AsuraScans,https://asurascans.com/comics/hoarding-in-hell,Hoarding in Hell,Coby,title+author,9610,Hoarding in Hell,https://cdn.mangabaka.dev/imgproxy/plain/x250@1/aHR0cHM6Ly9pbWFnZXMubWFuZ2FiYWthLmRldi9hLzQvNi9lLzIvYS8yLzYvNzU0Yi80MDI3LzkzOGUvOWZjNGI5OTA5ZDMw,title+author,9610,Hoarding in Hell,https://cdn.mangabaka.dev/imgproxy/plain/x250@1/aHR0cHM6Ly9pbWFnZXMubWFuZ2FiYWthLmRldi9hLzQvNi9lLzIvYS8yLzYvNzU0Yi80MDI3LzkzOGUvOWZjNGI5OTA5ZDMw,title+author,144629,Jiogeseo Doksik,https://s4.anilist.co/file/anilistcdn/media/manga/cover/medium/bx144629-SeSUVNonijOa.jpg,
AsuraScans,https://asurascans.com/comics/absolute-necromancer,Absolute Necromancer,Blue Jaeng-i,title+author,3613,All-Master Necromancer,https://cdn.mangabaka.dev/imgproxy/plain/x250@1/aHR0cHM6Ly9pbWFnZXMubWFuZ2FiYWthLmRldi84LzQvZi82L2MvMi8yLzgvY2MwYS80ODYyL2EyODIvNDExZGIxNGFmNTdi,title+author,3613,All-Master Necromancer,https://cdn.mangabaka.dev/imgproxy/plain/x250@1/aHR0cHM6Ly9pbWFnZXMubWFuZ2FiYWthLmRldi84LzQvZi82L2MvMi8yLzgvY2MwYS80ODYyL2EyODIvNDExZGIxNGFmNTdi,title+author,166635,All Master Necromancer,https://s4.anilist.co/file/anilistcdn/media/manga/cover/medium/bx166635-6Y7R6AZe52Fv.jpg,
AsuraScans,https://asurascans.com/comics/the-illegitimate-who-devours-weapons,The Illegitimate Who Devours Weapons,Injae,title+author,111919,Mugi Meokneun Seojanim,https://cdn.mangabaka.dev/imgproxy/plain/x250@1/aHR0cHM6Ly9pbWFnZXMubWFuZ2FiYWthLmRldi8wL2EvNy9kL2QvZC9iL2IvODVlMy80ZmE0L2FiMDAvMjJjODJiZjcxN2M4,title+author,111919,Mugi Meokneun Seojanim,https://cdn.mangabaka.dev/imgproxy/plain/x250@1/aHR0cHM6Ly9pbWFnZXMubWFuZ2FiYWthLmRldi8wL2EvNy9kL2QvZC9iL2IvODVlMy80ZmE0L2FiMDAvMjJjODJiZjcxN2M4,title+author,188346,Mugi Meokneun Seojanim,https://s4.anilist.co/file/anilistcdn/media/manga/cover/medium/bx188346-OpkTcoFVGXrQ.jpg,
AsuraScans,https://asurascans.com/comics/the-god-of-pro-wrestling,The God of Pro Wrestling,Coby,title+author,50281,The God of Pro Wrestling,https://cdn.mangabaka.dev/imgproxy/plain/x250@1/aHR0cHM6Ly9pbWFnZXMubWFuZ2FiYWthLmRldi8xLzgvMS83LzcvNS9mL2QvMzc2MC80ZjVhL2I3NGUvMDcyM2M2YzE4ZDMz,title+author,50281,The God of Pro Wrestling,https://cdn.mangabaka.dev/imgproxy/plain/x250@1/aHR0cHM6Ly9pbWFnZXMubWFuZ2FiYWthLmRldi8xLzgvMS83LzcvNS9mL2QvMzc2MC80ZjVhL2I3NGUvMDcyM2M2YzE4ZDMz,title+author,133465,Pro Wrestling-ui Sin,https://s4.anilist.co/file/anilistcdn/media/manga/cover/medium/bx133465-IsKxFgQ25Jhv.jpg,
AsuraScans,https://asurascans.com/comics/sleeping-ranker,Sleeping Ranker,WarLuck,title+author,8529,The Slumbering Ranker,https://cdn.mangabaka.dev/imgproxy/plain/x250@1/aHR0cHM6Ly9pbWFnZXMubWFuZ2FiYWthLmRldi9hL2QvMC9mLzEvYi9iL2IvYTZlOC80ZTg0L2FkNjkvMWI3ZWQ2ODA3MGQx,title+author,8529,The Slumbering Ranker,https://cdn.mangabaka.dev/imgproxy/plain/x250@1/aHR0cHM6Ly9pbWFnZXMubWFuZ2FiYWthLmRldi9hL2QvMC9mLzEvYi9iL2IvYTZlOC80ZTg0L2FkNjkvMWI3ZWQ2ODA3MGQx,title+author,146715,Jamman Jado Ranker,https://s4.anilist.co/file/anilistcdn/media/manga/cover/medium/bx146715-URjwoWMUdQMv.png,
AsuraScans,https://asurascans.com/comics/the-regressor-can-make-them-all,The Regressor Can Make Them All,,title-unique,579561,The Regressor Can Make Them All,https://cdn.mangabaka.dev/imgproxy/plain/x250@1/aHR0cHM6Ly9pbWFnZXMubWFuZ2FiYWthLmRldi84L2QvZi9lL2IvYy9iLzEvNGYxOS80NTE1L2E2ODIvNzFhMjllMTUxOTE0,title-unique,579561,The Regressor Can Make Them All,https://cdn.mangabaka.dev/imgproxy/plain/x250@1/aHR0cHM6Ly9pbWFnZXMubWFuZ2FiYWthLmRldi84L2QvZi9lL2IvYy9iLzEvNGYxOS80NTE1L2E2ODIvNzFhMjllMTUxOTE0,title-unique,208154,Hoegwijaga Da Mandeureojum,https://s4.anilist.co/file/anilistcdn/media/manga/cover/medium/bx208154-7YZT9MFcq1q9.jpg,
AsuraScans,https://asurascans.com/comics/drug-eating-genius-mage,Drug-Eating Genius Mage,Geul Geun Yook,title+author,60772,The Genius Medicinal Mage,https://cdn.mangabaka.dev/imgproxy/plain/x250@1/aHR0cHM6Ly9pbWFnZXMubWFuZ2FiYWthLmRldi82L2YvNS9mL2UvOC81L2YvNmJhMS80MDZhL2E1ZjQvYjMzY2IzNTc0MDZj,title+author,60772,The Genius Medicinal Mage,https://cdn.mangabaka.dev/imgproxy/plain/x250@1/aHR0cHM6Ly9pbWFnZXMubWFuZ2FiYWthLmRldi82L2YvNS9mL2UvOC81L2YvNmJhMS80MDZhL2E1ZjQvYjMzY2IzNTc0MDZj,title+author,162190,Yakmeokneun Cheonjaemabeopsa,https://s4.anilist.co/file/anilistcdn/media/manga/cover/medium/bx162190-SOVnLPjm1TTg.png,
AsuraScans,https://asurascans.com/comics/overbearing-tyrant,Overbearing Tyrant,Doby,author-conflict,,,,author-conflict,,,,author-conflict,,,,
AsuraScans,https://asurascans.com/comics/on-my-way-to-kill-god,On My Way to Kill God,Dok Gojin,title+author,2888,Sineul Jugireo Gamnida,https://cdn.mangabaka.dev/imgproxy/plain/x250@1/aHR0cHM6Ly9pbWFnZXMubWFuZ2FiYWthLmRldi8zLzYvNy8yLzAvZS82L2IvOWQ2YS80NTA2L2FmYTAvYjQ5YTBhMWU2MjNm,title+author,2888,Sineul Jugireo Gamnida,https://cdn.mangabaka.dev/imgproxy/plain/x250@1/aHR0cHM6Ly9pbWFnZXMubWFuZ2FiYWthLmRldi8zLzYvNy8yLzAvZS82L2IvOWQ2YS80NTA2L2FmYTAvYjQ5YTBhMWU2MjNm,title+author,155610,Sineul Jugireo Gamnida,https://s4.anilist.co/file/anilistcdn/media/manga/cover/medium/bx155610-3tlgyZbDVGbG.jpg,
AsuraScans,https://asurascans.com/comics/worlds-strongest-troll,World's Strongest Troll,Fried-Mandu,title+author,1103,World's Strongest Troll,https://cdn.mangabaka.dev/imgproxy/plain/x250@1/aHR0cHM6Ly9pbWFnZXMubWFuZ2FiYWthLmRldi8yLzEvYy8yLzIvNy8wLzgvMzYwNi80ZmY3L2I0Y2EvYTQ4YTI4NzY3Mjc1,title+author,1103,World's Strongest Troll,https://cdn.mangabaka.dev/imgproxy/plain/x250@1/aHR0cHM6Ly9pbWFnZXMubWFuZ2FiYWthLmRldi8yLzEvYy8yLzIvNy8wLzgvMzYwNi80ZmY3L2I0Y2EvYTQ4YTI4NzY3Mjc1,title+author,159121,Game Choegang Troller,https://s4.anilist.co/file/anilistcdn/media/manga/cover/medium/bx159121-j90Wcbi7rd2C.png,
AsuraScans,https://asurascans.com/comics/king-of-runes,King of Runes,,title-unique,10986,King of Kung Fu,https://cdn.mangabaka.dev/imgproxy/plain/x250@1/aHR0cHM6Ly9jZG4ubWFuZ2F1cGRhdGVzLmNvbS9pbWFnZS9pMTEzNDM5LmpwZw,title-unique,50689,Lord of the Runes,https://cdn.mangabaka.dev/imgproxy/plain/x250@1/aHR0cHM6Ly9zNC5hbmlsaXN0LmNvL2ZpbGUvYW5pbGlzdGNkbi9tZWRpYS9tYW5nYS9jb3Zlci9sYXJnZS9ieDE0NDE4My1VVVdlZ3VIVGlGdk8uanBn,title-unique,144183,Fu Shi Wang Zhe,https://s4.anilist.co/file/anilistcdn/media/manga/cover/medium/bx144183-UUWeguHTiFvO.jpg,
AsuraScans,https://asurascans.com/comics/the-executioner,The Executioner,Jong Soo,ambiguous,,,,ambiguous,,,,title+author,176845,Sahyeong Jiphaenggwan,https://s4.anilist.co/file/anilistcdn/media/manga/cover/medium/bx176845-G9iyUL8leE9n.jpg,
AsuraScans,https://asurascans.com/comics/starting-today-im-a-player,"Starting Today, I’m a Player",Gavinge,title+author,83451,"From Today, I'm a Player",https://cdn.mangabaka.dev/imgproxy/plain/x250@1/aHR0cHM6Ly9hcC1wcm94eS5tYW5nYWJha2EuZGV2L3Byb3h5LnBocD91cmw9aHR0cHM6Ly9jZG4uYW5pbWUtcGxhbmV0LmNvbS9tYW5nYS9wcmltYXJ5L2Zyb20tdG9kYXktaW0tYS1wbGF5ZXItbm92ZWwtMS53ZWJwP3Q9MTczOTA2Mzc1MA,title+author,83451,"From Today, I'm a Player",https://cdn.mangabaka.dev/imgproxy/plain/x250@1/aHR0cHM6Ly9hcC1wcm94eS5tYW5nYWJha2EuZGV2L3Byb3h5LnBocD91cmw9aHR0cHM6Ly9jZG4uYW5pbWUtcGxhbmV0LmNvbS9tYW5nYS9wcmltYXJ5L2Zyb20tdG9kYXktaW0tYS1wbGF5ZXItbm92ZWwtMS53ZWJwP3Q9MTczOTA2Mzc1MA,author-conflict,,,,
AsuraScans,https://asurascans.com/comics/the-game-that-i-came-from,The Game That I Came From,MOKF,title+author,1220,The Game That I Came From,https://cdn.mangabaka.dev/imgproxy/plain/x250@1/aHR0cHM6Ly9pbWFnZXMubWFuZ2FiYWthLmRldi83LzIvYi81L2EvYS85LzcvYWY2OS80N2QyLzgzMDQvYzhjMjhhYTM1Yjlk,title+author,1220,The Game That I Came From,https://cdn.mangabaka.dev/imgproxy/plain/x250@1/aHR0cHM6Ly9pbWFnZXMubWFuZ2FiYWthLmRldi83LzIvYi81L2EvYS85LzcvYWY2OS80N2QyLzgzMDQvYzhjMjhhYTM1Yjlk,title+author,133070,Wo Laizi Youxi,https://s4.anilist.co/file/anilistcdn/media/manga/cover/medium/bx133070-yq21ECbwtDbN.jpg,
AsuraScans,https://asurascans.com/comics/the-novels-extra-remake,The Novel’s Extra (Remake),Jee Gab Song,title+author,85653,The Novel’s Extra,https://cdn.mangabaka.dev/imgproxy/plain/x250@1/aHR0cHM6Ly9tZWRpYS5raXRzdS5hcHAvbWFuZ2EvcG9zdGVyX2ltYWdlcy81NTM2OC9vcmlnaW5hbC5qcGc,title+author,85653,The Novel’s Extra,https://cdn.mangabaka.dev/imgproxy/plain/x250@1/aHR0cHM6Ly9tZWRpYS5raXRzdS5hcHAvbWFuZ2EvcG9zdGVyX2ltYWdlcy81NTM2OC9vcmlnaW5hbC5qcGc,none,,,,
WebToons,https://www.webtoons.com/en/fantasy/i-abdicate-my-title-of-empress/list?title_no=5560,I Abdicate My Title of Empress,,link,62087,I Abdicate My Title of Empress,https://cdn.mangabaka.dev/imgproxy/plain/x250@1/aHR0cHM6Ly9pbWFnZXMubWFuZ2FiYWthLmRldi81LzAvZi81L2UvNS81L2EvZDUxOS80MWM5L2E5YjcvNGFhYWFjOGE0NjU3,title-unique,62087,I Abdicate My Title of Empress,https://cdn.mangabaka.dev/imgproxy/plain/x250@1/aHR0cHM6Ly9pbWFnZXMubWFuZ2FiYWthLmRldi81LzAvZi81L2UvNS81L2EvZDUxOS80MWM5L2E5YjcvNGFhYWFjOGE0NjU3,title-unique,164416,Hwanghu Jarireul Beorigetseumnida,https://s4.anilist.co/file/anilistcdn/media/manga/cover/medium/bx164416-vyvAey3Tj8kx.jpg,
WebToons,https://www.webtoons.com/en/drama/archie-comics-big-ethel-energy/list?title_no=3363,Archie Comics: Big Ethel Energy,,title-unique,559870,Big Ethel Energy,https://cdn.mangabaka.dev/imgproxy/plain/x250@1/aHR0cHM6Ly9tZWRpYS5raXRzdS5hcHAvbWFuZ2EvNjE4MzgvcG9zdGVyX2ltYWdlLzE3MjA2MzEzZmNlNDZiM2UwNDg1NjFjZGEzYmUyYWFlLnBuZw,none,,,,none,,,,
WebToons,https://www.webtoons.com/en/drama/moonlight-beauty-parlor/list?title_no=3092,Moonlight Beauty Parlor,,link,92134,Moonlight Beauty Parlor,https://cdn.mangabaka.dev/imgproxy/plain/x250@1/aHR0cHM6Ly9pbWFnZXMubWFuZ2FiYWthLmRldi8zLzYvNS9hLzgvYi8wL2MvMDFlMS80MjA4Lzg1YzIvMzJjYTE0YzQwODkz,title-unique,92134,Moonlight Beauty Parlor,https://cdn.mangabaka.dev/imgproxy/plain/x250@1/aHR0cHM6Ly9pbWFnZXMubWFuZ2FiYWthLmRldi8zLzYvNS9hLzgvYi8wL2MvMDFlMS80MjA4Lzg1YzIvMzJjYTE0YzQwODkz,title-unique,137727,Dalbitsemyeonso,https://s4.anilist.co/file/anilistcdn/media/manga/cover/medium/bx137727-3RZsgheSRUfe.jpg,
WebToons,https://www.webtoons.com/en/romance/i-spy-a-married-life/list?title_no=5546,I Spy a Married Life,,link,72784,I Spy a Married Life,https://cdn.mangabaka.dev/imgproxy/plain/x250@1/aHR0cHM6Ly9pbWFnZXMubWFuZ2FiYWthLmRldi85LzgvNi8zL2UvZC84LzcvOGJkYi80MjU1L2FmYmIvZjdiY2RlOTgwMjlm,title-unique,72784,I Spy a Married Life,https://cdn.mangabaka.dev/imgproxy/plain/x250@1/aHR0cHM6Ly9pbWFnZXMubWFuZ2FiYWthLmRldi85LzgvNi8zL2UvZC84LzcvOGJkYi80MjU1L2FmYmIvZjdiY2RlOTgwMjlm,title-unique,170543,Timjangnimeun Sinhoni Pigonhada,https://s4.anilist.co/file/anilistcdn/media/manga/cover/medium/bx170543-FPAnJoPKKXTj.png,
WebToons,https://www.webtoons.com/en/romance/not-so-silent/list?title_no=3338,Not So Silent,,title-unique,601191,unknown title (please report on Discord),https://cdn.mangabaka.dev/imgproxy/plain/x250@1/aHR0cHM6Ly9pbWFnZXMubWFuZ2FiYWthLmRldi9hLzkvMS80LzMvZi81LzYvYzk5Ny80YTc2L2I0ZTIvZjkzMjUxZjQ0NjVh,none,,,,none,,,,
WebToons,https://www.webtoons.com/en/horror/the-last-passage/list?title_no=6746,The Last Passage,,link,8832,The Last Passage,https://cdn.mangabaka.dev/imgproxy/plain/x250@1/aHR0cHM6Ly9pbWFnZXMubWFuZ2FiYWthLmRldi80L2UvNi83L2MvNy82LzkvYmRhNS80YjViLzk0NjIvNDk0ZGNkNGFkZGU5,title-unique,8832,The Last Passage,https://cdn.mangabaka.dev/imgproxy/plain/x250@1/aHR0cHM6Ly9pbWFnZXMubWFuZ2FiYWthLmRldi80L2UvNi83L2MvNy82LzkvYmRhNS80YjViLzk0NjIvNDk0ZGNkNGFkZGU5,title-unique,183794,Sajaui Seo,https://s4.anilist.co/file/anilistcdn/media/manga/cover/medium/bx183794-8B3VzjtveY5H.png,
WebToons,https://www.webtoons.com/en/fantasy/love-song-for-illusion/list?title_no=5216,Love Song for Illusion,,link,81301,Love Song for Illusion,https://cdn.mangabaka.dev/imgproxy/plain/x250@1/aHR0cHM6Ly9pbWFnZXMubWFuZ2FiYWthLmRldi8zLzEvNi9iLzcvYS9lLzQvMTE2Ni80NDhhL2JhNDAvYzQ1M2U0ZGY1MTgx,title-unique,81301,Love Song for Illusion,https://cdn.mangabaka.dev/imgproxy/plain/x250@1/aHR0cHM6Ly9pbWFnZXMubWFuZ2FiYWthLmRldi8zLzEvNi9iLzcvYS9lLzQvMTE2Ni80NDhhL2JhNDAvYzQ1M2U0ZGY1MTgx,title-unique,165275,Hwansang Yeonga,https://s4.anilist.co/file/anilistcdn/media/manga/cover/medium/b165275-4IQddkJDlP2R.jpg,
WebToons,https://www.webtoons.com/en/romance/bitten-contract/list?title_no=3689,Bitten Contract,,link,49424,Bitten Contract,https://cdn.mangabaka.dev/imgproxy/plain/x250@1/aHR0cHM6Ly9pbWFnZXMubWFuZ2FiYWthLmRldi9mL2YvNy9kLzkvYi9mLzEvNGM2ZC80ZDA2LzhmZDQvYTlhMTA3NDRlMTJk,title-unique,49424,Bitten Contract,https://cdn.mangabaka.dev/imgproxy/plain/x250@1/aHR0cHM6Ly9pbWFnZXMubWFuZ2FiYWthLmRldi9mL2YvNy9kLzkvYi9mLzEvNGM2ZC80ZDA2LzhmZDQvYTlhMTA3NDRlMTJk,title-unique,136351,Mureoboneun Sai,https://s4.anilist.co/file/anilistcdn/media/manga/cover/medium/bx136351-WJ7YB3ZksNju.png,
WebToons,https://www.webtoons.com/en/action/teenage-mercenary/list?title_no=2677,Teenage Mercenary,,link,836,Teenage Mercenary,https://cdn.mangabaka.dev/imgproxy/plain/x250@1/aHR0cHM6Ly9pbWFnZXMubWFuZ2FiYWthLmRldi8wLzcvOC9kLzQvNi8zL2MvZGVjOC80NDBkLzlkZDQvZTg4MjcxZDE5M2Vj,title-unique,836,Teenage Mercenary,https://cdn.mangabaka.dev/imgproxy/plain/x250@1/aHR0cHM6Ly9pbWFnZXMubWFuZ2FiYWthLmRldi8wLzcvOC9kLzQvNi8zL2MvZGVjOC80NDBkLzlkZDQvZTg4MjcxZDE5M2Vj,title-unique,126297,Iphagyongbyeong,https://s4.anilist.co/file/anilistcdn/media/manga/cover/medium/bx126297-SPiM7QtUnJ4P.jpg,
WebToons,https://www.webtoons.com/en/romance/love-me-knot/list?title_no=2224,Love Me Knot,,title-unique,51227,Love Me Knot,https://cdn.mangabaka.dev/imgproxy/plain/x250@1/aHR0cHM6Ly9tZWRpYS5raXRzdS5hcHAvbWFuZ2EvcG9zdGVyX2ltYWdlcy81NzYxNi9vcmlnaW5hbC5qcGc,title-unique,51227,Love Me Knot,https://cdn.mangabaka.dev/imgproxy/plain/x250@1/aHR0cHM6Ly9tZWRpYS5raXRzdS5hcHAvbWFuZ2EvcG9zdGVyX2ltYWdlcy81NzYxNi9vcmlnaW5hbC5qcGc,none,,,,
WebToons,https://www.webtoons.com/en/drama/our-voice/list?title_no=5801,Our Voice,,title-unique,500265,Our Voice,https://cdn.mangabaka.dev/imgproxy/plain/x250@1/aHR0cHM6Ly9hcC1wcm94eS5tYW5nYWJha2EuZGV2L3Byb3h5LnBocD91cmw9aHR0cHM6Ly9jZG4uYW5pbWUtcGxhbmV0LmNvbS9tYW5nYS9wcmltYXJ5L291ci12b2ljZS0xLndlYnA_dD0xNzA0OTEyNTIz,title-unique,500265,Our Voice,https://cdn.mangabaka.dev/imgproxy/plain/x250@1/aHR0cHM6Ly9hcC1wcm94eS5tYW5nYWJha2EuZGV2L3Byb3h5LnBocD91cmw9aHR0cHM6Ly9jZG4uYW5pbWUtcGxhbmV0LmNvbS9tYW5nYS9wcmltYXJ5L291ci12b2ljZS0xLndlYnA_dD0xNzA0OTEyNTIz,none,,,,
WebToons,https://www.webtoons.com/en/romance/the-makeup-remover/list?title_no=2186,The Makeup Remover,,link,30700,The Makeup Remover,https://cdn.mangabaka.dev/imgproxy/plain/x250@1/aHR0cHM6Ly9pbWFnZXMubWFuZ2FiYWthLmRldi8wLzIvNS9kL2IvOS80LzUvYzkzZC80NTYyL2I0ODkvZWZlZTYzZDg3MDk3,title-unique,30700,The Makeup Remover,https://cdn.mangabaka.dev/imgproxy/plain/x250@1/aHR0cHM6Ly9pbWFnZXMubWFuZ2FiYWthLmRldi8wLzIvNS9kL2IvOS80LzUvYzkzZC80NTYyL2I0ODkvZWZlZTYzZDg3MDk3,title-unique,104283,Hwajang Jiwojuneun Namja,https://s4.anilist.co/file/anilistcdn/media/manga/cover/medium/bx104283-pqgwi8y746gl.jpg,
WebToons,https://www.webtoons.com/en/fantasy/alice-elise/list?title_no=1481,Alice Elise,,none,,,,none,,,,none,,,,
WebToons,https://www.webtoons.com/en/thriller/noise-from-upstairs/list?title_no=4216,Noise From Upstairs,,link,77484,Noise From Upstairs,https://cdn.mangabaka.dev/imgproxy/plain/x250@1/aHR0cHM6Ly9pbWFnZXMubWFuZ2FiYWthLmRldi84L2IvYi8yLzkvZC81LzcvYzdhYy80ZDdiL2I1NDkvNDI5YWEwNDE1YzBj,title-unique,77484,Noise From Upstairs,https://cdn.mangabaka.dev/imgproxy/plain/x250@1/aHR0cHM6Ly9pbWFnZXMubWFuZ2FiYWthLmRldi84L2IvYi8yLzkvZC81LzcvYzdhYy80ZDdiL2I1NDkvNDI5YWEwNDE1YzBj,title-unique,152210,Cheunggansoeum,https://s4.anilist.co/file/anilistcdn/media/manga/cover/medium/b152210-KKTCdfblZq3d.png,
WebToons,https://www.webtoons.com/en/action/neon-revenge/list?title_no=2510,Neon Revenge,,link,43344,Neon Revenge,https://cdn.mangabaka.dev/imgproxy/plain/x250@1/aHR0cHM6Ly9pbWFnZXMubWFuZ2FiYWthLmRldi80L2QvNy9jL2YvMS9hL2EvMzg5OC80ZDk2L2I0MmUvMDRlYjA0ZDVlNThi,title-unique,43344,Neon Revenge,https://cdn.mangabaka.dev/imgproxy/plain/x250@1/aHR0cHM6Ly9pbWFnZXMubWFuZ2FiYWthLmRldi80L2QvNy9jL2YvMS9hL2EvMzg5OC80ZDk2L2I0MmUvMDRlYjA0ZDVlNThi,title-unique,124157,Psycho Revenge,https://s4.anilist.co/file/anilistcdn/media/manga/cover/medium/bx124157-FGDjYgNjtULs.jpg,
WebToons,https://www.webtoons.com/en/thriller/im-dating-a-psycopath/list?title_no=5877,I'm Dating a Psychopath,,title-unique,8806,I'm Dating A Psychopath,https://cdn.mangabaka.dev/imgproxy/plain/x250@1/aHR0cHM6Ly9tZWRpYS5raXRzdS5hcHAvbWFuZ2EvNjUzNzIvcG9zdGVyX2ltYWdlL2QxNjU1MmI5MjQxYzI5OTA3ZDZhYjk3N2IzOTljOTFkLnBuZw,title-unique,8806,I'm Dating A Psychopath,https://cdn.mangabaka.dev/imgproxy/plain/x250@1/aHR0cHM6Ly9tZWRpYS5raXRzdS5hcHAvbWFuZ2EvNjUzNzIvcG9zdGVyX2ltYWdlL2QxNjU1MmI5MjQxYzI5OTA3ZDZhYjk3N2IzOTljOTFkLnBuZw,none,,,,
WebToons,https://www.webtoons.com/en/fantasy/i-stole-the-first-rankers-soul/list?title_no=5551,I Stole the First Ranker’s Soul,,link,2556,I Stole the First Ranker’s Soul,https://cdn.mangabaka.dev/imgproxy/plain/x250@1/aHR0cHM6Ly9pbWFnZXMubWFuZ2FiYWthLmRldi84L2IvOS9kL2YvMC83L2EvOTA1Yi80OTE3L2FmZTkvYTdlNDY4N2Y2OThh,title-unique,2556,I Stole the First Ranker’s Soul,https://cdn.mangabaka.dev/imgproxy/plain/x250@1/aHR0cHM6Ly9pbWFnZXMubWFuZ2FiYWthLmRldi84L2IvOS9kL2YvMC83L2EvOTA1Yi80OTE3L2FmZTkvYTdlNDY4N2Y2OThh,title-unique,156477,Ranking 1-wireul Yeonghonkkaji Teoreobeorim,https://s4.anilist.co/file/anilistcdn/media/manga/cover/medium/bx156477-uM3wUBlYEaap.png,
WebToons,https://www.webtoons.com/en/sports/deadpoint/list?title_no=7405,Deadpoint,,link,88594,Deadpoint,https://cdn.mangabaka.dev/imgproxy/plain/x250@1/aHR0cHM6Ly9pbWFnZXMubWFuZ2FiYWthLmRldi80L2YvZC8yL2EvNS8xLzMvZDcwMi80MzM3L2I1MWQvZWFlODQ3MzUxMzAx,title-unique,88594,Deadpoint,https://cdn.mangabaka.dev/imgproxy/plain/x250@1/aHR0cHM6Ly9pbWFnZXMubWFuZ2FiYWthLmRldi80L2YvZC8yL2EvNS8xLzMvZDcwMi80MzM3L2I1MWQvZWFlODQ3MzUxMzAx,title-unique,181557,Dead Point,https://s4.anilist.co/file/anilistcdn/media/manga/cover/medium/bx181557-o2Xfx5Z229lz.png,
WebToons,https://www.webtoons.com/en/romance/rewriting-our-love-story/list?title_no=4491,Rewriting Our Love Story,,link,53084,Rewriting Our Love Story,https://cdn.mangabaka.dev/imgproxy/plain/x250@1/aHR0cHM6Ly9pbWFnZXMubWFuZ2FiYWthLmRldi9kL2IvYy9jLzMvYy85LzAvOGVmZi80NTQ2Lzk4MmEvNDkwNWY0MDAzZjA2,title-unique,53084,Rewriting Our Love Story,https://cdn.mangabaka.dev/imgproxy/plain/x250@1/aHR0cHM6Ly9pbWFnZXMubWFuZ2FiYWthLmRldi9kL2IvYy9jLzMvYy85LzAvOGVmZi80NTQ2Lzk4MmEvNDkwNWY0MDAzZjA2,title-unique,149286,Dasisseuneun Yeonaesa,https://s4.anilist.co/file/anilistcdn/media/manga/cover/medium/bx149286-7xkWLtHYk4tc.jpg,
WebToons,https://www.webtoons.com/en/drama/a-mans-man/list?title_no=2876,A Man's Man,,link,45119,A Man's Man,https://cdn.mangabaka.dev/imgproxy/plain/x250@1/aHR0cHM6Ly9pbWFnZXMubWFuZ2FiYWthLmRldi9lL2UvNC8wL2QvMy83L2MvZjU5MS80Yzk5L2EwMWEvYTZmZDdlNjA5YmMz,title-unique,45119,A Man's Man,https://cdn.mangabaka.dev/imgproxy/plain/x250@1/aHR0cHM6Ly9pbWFnZXMubWFuZ2FiYWthLmRldi9lL2UvNC8wL2QvMy83L2MvZjU5MS80Yzk5L2EwMWEvYTZmZDdlNjA5YmMz,title-unique,129956,Sangnamja,https://s4.anilist.co/file/anilistcdn/media/manga/cover/medium/bx129956-43qWyfyWysew.png,
WebToons,https://www.webtoons.com/en/drama/exchange-student/list?title_no=4288,Exchange Student,,link,51954,Exchange Student,https://cdn.mangabaka.dev/imgproxy/plain/x250@1/aHR0cHM6Ly9pbWFnZXMubWFuZ2FiYWthLmRldi81LzUvOC9jLzkvZi9iL2YvYmRkMS80OGFjL2E3M2EvYzM1YTE5MjI0NWZl,title-unique,51954,Exchange Student,https://cdn.mangabaka.dev/imgproxy/plain/x250@1/aHR0cHM6Ly9pbWFnZXMubWFuZ2FiYWthLmRldi81LzUvOC9jLzkvZi9iL2YvYmRkMS80OGFjL2E3M2EvYzM1YTE5MjI0NWZl,title-unique,148415,Gyohwan Hagsaeng,https://s4.anilist.co/file/anilistcdn/media/manga/cover/medium/bx148415-8TLwIbP9yudv.jpg,
WebToons,https://www.webtoons.com/en/drama/coffin-jackson/list?title_no=4449,Coffin Jackson,,link,31881,Coffin Jackson,https://cdn.mangabaka.dev/imgproxy/plain/x250@1/aHR0cHM6Ly9pbWFnZXMubWFuZ2FiYWthLmRldi83L2UvNC84L2QvZC9lLzEvN2M3YS80ZjU1L2ExYjAvOTc0NDk5OTNhMzRl,title-unique,31881,Coffin Jackson,https://cdn.mangabaka.dev/imgproxy/plain/x250@1/aHR0cHM6Ly9pbWFnZXMubWFuZ2FiYWthLmRldi83L2UvNC84L2QvZC9lLzEvN2M3YS80ZjU1L2ExYjAvOTc0NDk5OTNhMzRl,title-unique,102742,Jackson-ui Gwan,https://s4.anilist.co/file/anilistcdn/media/manga/cover/medium/bx102742-tCDnqo3w8i3e.jpg,
WebToons,https://www.webtoons.com/en/fantasy/your-throne/list?title_no=2009,Your Throne,,link,943,Your Throne,https://cdn.mangabaka.dev/imgproxy/plain/x250@1/aHR0cHM6Ly9pbWFnZXMubWFuZ2FiYWthLmRldi8yLzQvYi9lL2QvNy80L2IvMThhYi80OTJiL2ExNTMvZjM0ZTJlMmM3NTI3,ambiguous,,,,title-unique,114542,Haruman Nega Doego Sipeo,https://s4.anilist.co/file/anilistcdn/media/manga/cover/medium/bx114542-3fUNOX8DqS5e.jpg,
WebToons,https://www.webtoons.com/en/action/the-queens/list?title_no=4076,The QUEENS,,link,50784,The QUEENS,https://cdn.mangabaka.dev/imgproxy/plain/x250@1/aHR0cHM6Ly9pbWFnZXMubWFuZ2FiYWthLmRldi84LzMvYS80LzMvZS9kLzgvMWM4Ny80ZjlmL2FmZGYvOGRhZDgxZTU2ZGFm,title-unique,50784,The QUEENS,https://cdn.mangabaka.dev/imgproxy/plain/x250@1/aHR0cHM6Ly9pbWFnZXMubWFuZ2FiYWthLmRldi84LzMvYS80LzMvZS9kLzgvMWM4Ny80ZjlmL2FmZGYvOGRhZDgxZTU2ZGFm,title-unique,152038,The Queens,https://s4.anilist.co/file/anilistcdn/media/manga/cover/medium/bx152038-g0lzpApNTILo.jpg,
WebToons,https://www.webtoons.com/en/drama/dear-nemesis/list?title_no=4467,Dear Nemesis,,link,53530,Dear Nemesis,https://cdn.mangabaka.dev/imgproxy/plain/x250@1/aHR0cHM6Ly9pbWFnZXMubWFuZ2FiYWthLmRldi8wLzcvMS85LzIvYS8wLzgvNGU2Ny80NjRkL2JiMGEvZjJmM2UxZTI2NjUx,title-unique,53530,Dear Nemesis,https://cdn.mangabaka.dev/imgproxy/plain/x250@1/aHR0cHM6Ly9pbWFnZXMubWFuZ2FiYWthLmRldi8wLzcvMS85LzIvYS8wLzgvNGU2Ny80NjRkL2JiMGEvZjJmM2UxZTI2NjUx,title-unique,150832,"Oh, Chinaehaneun Sukjeok",https://s4.anilist.co/file/anilistcdn/media/manga/cover/medium/bx150832-qcUUUCGg9qw0.jpg,
WebToons,https://www.webtoons.com/en/action/study-group/list?title_no=3595,Study Group,,link,1251,Study Group,https://cdn.mangabaka.dev/imgproxy/plain/x250@1/aHR0cHM6Ly9pbWFnZXMubWFuZ2FiYWthLmRldi84LzYvOS9iL2IvYy8wLzcvM2VhMy80YTkyL2JmMmYvYmU1YTZkZjRhNWVl,title-unique,1251,Study Group,https://cdn.mangabaka.dev/imgproxy/plain/x250@1/aHR0cHM6Ly9pbWFnZXMubWFuZ2FiYWthLmRldi84LzYvOS9iL2IvYy8wLzcvM2VhMy80YTkyL2JmMmYvYmU1YTZkZjRhNWVl,title-unique,110472,Study Group,https://s4.anilist.co/file/anilistcdn/media/manga/cover/medium/bx110472-jxJG7CZ3lf4d.jpg,
WebToons,https://www.webtoons.com/en/fantasy/davinchibi/list?title_no=1190,Davinchibi,,none,,,,none,,,,none,,,,
WebToons,https://www.webtoons.com/en/romance/the-guy-with-pretty-lips/list?title_no=5435,The Guy with Pretty Lips,,link,52882,The Guy with Pretty Lips,https://cdn.mangabaka.dev/imgproxy/plain/x250@1/aHR0cHM6Ly9pbWFnZXMubWFuZ2FiYWthLmRldi82LzgvNy85LzQvZC8zL2UvNzJhMy80MWY5Lzk0NTQvY2Y4MjVhYzY1ODU5,title-unique,52882,The Guy with Pretty Lips,https://cdn.mangabaka.dev/imgproxy/plain/x250@1/aHR0cHM6Ly9pbWFnZXMubWFuZ2FiYWthLmRldi82LzgvNy85LzQvZC8zL2UvNzJhMy80MWY5Lzk0NTQvY2Y4MjVhYzY1ODU5,title-unique,156908,Ipsuri Yeppeun Namja,https://s4.anilist.co/file/anilistcdn/media/manga/cover/medium/bx156908-OyQeGuIxD35h.jpg,
WebToons,https://www.webtoons.com/en/thriller/friday/list?title_no=388,Friday: Forbidden Tales,,link,29273,Friday: Forbidden Tales,https://cdn.mangabaka.dev/imgproxy/plain/x250@1/aHR0cHM6Ly9zNC5hbmlsaXN0LmNvL2ZpbGUvYW5pbGlzdGNkbi9tZWRpYS9tYW5nYS9jb3Zlci9tZWRpdW0vOTgwMDEtNXlRQ2lLSHZmRlE2LmpwZw,title-unique,29273,Friday: Forbidden Tales,https://cdn.mangabaka.dev/imgproxy/plain/x250@1/aHR0cHM6Ly9zNC5hbmlsaXN0LmNvL2ZpbGUvYW5pbGlzdGNkbi9tZWRpYS9tYW5nYS9jb3Zlci9tZWRpdW0vOTgwMDEtNXlRQ2lLSHZmRlE2LmpwZw,title-unique,98001,Geumyoil,https://s4.anilist.co/file/anilistcdn/media/manga/cover/medium/98001-5yQCiKHvfFQ6.jpg,
WebToons,https://www.webtoons.com/en/romance/luff/list?title_no=1489,LUFF,,ambiguous,,,,ambiguous,,,,none,,,,
WebToons,https://www.webtoons.com/en/romance/transference/list?title_no=7406,Transference,,link,81081,Transference,https://cdn.mangabaka.dev/imgproxy/plain/x250@1/aHR0cHM6Ly9pbWFnZXMubWFuZ2FiYWthLmRldi8yLzAvMy85LzEvOC9iL2QvODdlYi80OGFkLzkxOWUvOGYxNzBiOWIyMWIx,title-unique,81081,Transference,https://cdn.mangabaka.dev/imgproxy/plain/x250@1/aHR0cHM6Ly9pbWFnZXMubWFuZ2FiYWthLmRldi8yLzAvMy85LzEvOC9iL2QvODdlYi80OGFkLzkxOWUvOGYxNzBiOWIyMWIx,title-unique,182454,Gamjeongjeoni,https://s4.anilist.co/file/anilistcdn/media/manga/cover/medium/bx182454-Zeyegl1L1Big.jpg,
WebToons,https://www.webtoons.com/en/thriller/shotgun-boy/list?title_no=2534,Shotgun Boy,,link,47590,Shotgun Boy,https://cdn.mangabaka.dev/imgproxy/plain/x250@1/aHR0cHM6Ly9pbWFnZXMubWFuZ2FiYWthLmRldi9iL2IvMC9jLzYvZi81LzQvZTMxYi80OWQyLzhjOTUvYWZkYjEwMTQ0ZjBh,title-unique,47590,Shotgun Boy,https://cdn.mangabaka.dev/imgproxy/plain/x250@1/aHR0cHM6Ly9pbWFnZXMubWFuZ2FiYWthLmRldi9iL2IvMC9jLzYvZi81LzQvZTMxYi80OWQyLzhjOTUvYWZkYjEwMTQ0ZjBh,title-unique,130229,Yeopchongsonyeon,https://s4.anilist.co/file/anilistcdn/media/manga/cover/medium/bx130229-w8eYyQnAaPh8.jpg,
WebToons,https://www.webtoons.com/en/drama/witchs-workshop/list?title_no=4887,Witch's Workshop,,link,22314,Witch's Workshop,https://cdn.mangabaka.dev/imgproxy/plain/x250@1/aHR0cHM6Ly9pbWFnZXMubWFuZ2FiYWthLmRldi84L2QvNS85LzIvMC8wLzkvNzYyMy80OWE1L2FiNGMvNDYyNWE2YjY4YzA5,title-unique,22314,Witch's Workshop,https://cdn.mangabaka.dev/imgproxy/plain/x250@1/aHR0cHM6Ly9pbWFnZXMubWFuZ2FiYWthLmRldi84L2QvNS85LzIvMC8wLzkvNzYyMy80OWE1L2FiNGMvNDYyNWE2YjY4YzA5,title-unique,106830,Gongbangui Manyeo,https://s4.anilist.co/file/anilistcdn/media/manga/cover/medium/bx106830-GnMQxiUk9lys.png,
WebToons,https://www.webtoons.com/en/thriller/money-game-the-8-show/list?title_no=3254,Money Game (The 8 Show),,link,47616,Money Game,https://cdn.mangabaka.dev/imgproxy/plain/x250@1/aHR0cHM6Ly9pbWFnZXMubWFuZ2FiYWthLmRldi9iLzUvNy8yL2IvMS8yL2UvYTAyZS80M2E1Lzg4NmUvZGY4YTJlMzAzMWRk,ambiguous,,,,title-unique,135727,Money Game,https://s4.anilist.co/file/anilistcdn/media/manga/cover/medium/bx135727-GfBN7WZDzgQT.jpg,
WebToons,https://www.webtoons.com/en/action/combat-ward/list?title_no=7454,Combat Ward,,link,6589,Combat Ward,https://cdn.mangabaka.dev/imgproxy/plain/x250@1/aHR0cHM6Ly9pbWFnZXMubWFuZ2FiYWthLmRldi9lLzAvOC8wLzYvMi8yLzIvYjk0MC80OTdiLzkzOTEvMzAxOWYzNzc4MjNi,title-unique,6589,Combat Ward,https://cdn.mangabaka.dev/imgproxy/plain/x250@1/aHR0cHM6Ly9pbWFnZXMubWFuZ2FiYWthLmRldi9lLzAvOC8wLzYvMi8yLzIvYjk0MC80OTdiLzkzOTEvMzAxOWYzNzc4MjNi,title-unique,189361,Gyeoktubyeongdong,https://s4.anilist.co/file/anilistcdn/media/manga/cover/medium/b189361-DYJdo0QFuy6w.jpg,
WebToons,https://www.webtoons.com/en/romance/our-night-shift/list?title_no=6745,Our Night Shift,,link,125967,Our Night Shift,https://cdn.mangabaka.dev/imgproxy/plain/x250@1/aHR0cHM6Ly9pbWFnZXMubWFuZ2FiYWthLmRldi9lL2YvZC85L2IvOS9jLzUvNWExMS80ZGRiLzhiMjEvNDRlNzU3ZjZlODVi,title-unique,125967,Our Night Shift,https://cdn.mangabaka.dev/imgproxy/plain/x250@1/aHR0cHM6Ly9pbWFnZXMubWFuZ2FiYWthLmRldi9lL2YvZC85L2IvOS9jLzUvNWExMS80ZGRiLzhiMjEvNDRlNzU3ZjZlODVi,title-unique,183865,Yagangeunmu,https://s4.anilist.co/file/anilistcdn/media/manga/cover/medium/bx183865-8SYy2rePM8dc.png,
WebToons,https://www.webtoons.com/en/action/the-world-is-money-and-power/list?title_no=2615,The World is Money and Power,,link,29568,The World is Money and Power,https://cdn.mangabaka.dev/imgproxy/plain/x250@1/aHR0cHM6Ly9pbWFnZXMubWFuZ2FiYWthLmRldi8yLzIvNy8yLzIvZS9lLzUvZDFiNy80ZDk5L2FmMmIvZjBmMjI0ODFhMDg2,title-unique,29568,The World is Money and Power,https://cdn.mangabaka.dev/imgproxy/plain/x250@1/aHR0cHM6Ly9pbWFnZXMubWFuZ2FiYWthLmRldi8yLzIvNy8yLzIvZS9lLzUvZDFiNy80ZDk5L2FmMmIvZjBmMjI0ODFhMDg2,title-unique,110166,Sesangeun Dongwa Gwollyeok,https://s4.anilist.co/file/anilistcdn/media/manga/cover/medium/bx110166-YtfuTk7JDBtD.jpg,
WebToons,https://www.webtoons.com/en/romance/love-4-a-walk/list?title_no=6278,Love 4 a Walk,,title-unique,76921,Love 4 a Walk,https://cdn.mangabaka.dev/imgproxy/plain/x250@1/aHR0cHM6Ly9tZWRpYS5raXRzdS5hcHAvbWFuZ2EvNzE3MjcvcG9zdGVyX2ltYWdlLzBjMTk5NTUzMWQwMWE2YWQ0NWRlOTA0MzNmZmUwNjZlLmpwZw,title-unique,76921,Love 4 a Walk,https://cdn.mangabaka.dev/imgproxy/plain/x250@1/aHR0cHM6Ly9tZWRpYS5raXRzdS5hcHAvbWFuZ2EvNzE3MjcvcG9zdGVyX2ltYWdlLzBjMTk5NTUzMWQwMWE2YWQ0NWRlOTA0MzNmZmUwNjZlLmpwZw,none,,,,
WebToons,https://www.webtoons.com/en/drama/muse-on-fame/list?title_no=5172,Muse on Fame,,link,59803,Muse on Fame,https://cdn.mangabaka.dev/imgproxy/plain/x250@1/aHR0cHM6Ly9pbWFnZXMubWFuZ2FiYWthLmRldi9lLzgvNy9jLzYvOC84LzEvYTdjMy80NWMxL2EyZjcvYmVjODRhZjlmYWFj,title-unique,59803,Muse on Fame,https://cdn.mangabaka.dev/imgproxy/plain/x250@1/aHR0cHM6Ly9pbWFnZXMubWFuZ2FiYWthLmRldi9lLzgvNy9jLzYvOC84LzEvYTdjMy80NWMxL2EyZjcvYmVjODRhZjlmYWFj,title-unique,163408,Muse On Yumyeong,https://s4.anilist.co/file/anilistcdn/media/manga/cover/medium/b163408-tfQ8BqLyyutu.png,
WebToons,https://www.webtoons.com/en/slice-of-life/kidults/list?title_no=2968,Kidults,,link,79090,Kidults,https://cdn.mangabaka.dev/imgproxy/plain/x250@1/aHR0cHM6Ly9pbWFnZXMubWFuZ2FiYWthLmRldi9kLzUvOC8zLzIvZS85L2EvMzUwZC80YTcyL2FjNjEvZTEyNjJlZGUyYzY0,title-unique,79090,Kidults,https://cdn.mangabaka.dev/imgproxy/plain/x250@1/aHR0cHM6Ly9pbWFnZXMubWFuZ2FiYWthLmRldi9kLzUvOC8zLzIvZS85L2EvMzUwZC80YTcyL2FjNjEvZTEyNjJlZGUyYzY0,title-unique,136640,Eoreuni,https://s4.anilist.co/file/anilistcdn/media/manga/cover/medium/bx136640-kJzRygbVaOdL.jpg,
WebToons,https://www.webtoons.com/en/drama/dark-mortal/list?title_no=2505,Dark Mortal,,link,5641,Dark Mortal,https://cdn.mangabaka.dev/imgproxy/plain/x250@1/aHR0cHM6Ly9pbWFnZXMubWFuZ2FiYWthLmRldi9kLzkvYy80L2UvZC9hLzUvNTVhYi80NTJlLzk1ZTEvM2UyMDJhMjc2ZDBk,title-unique,5641,Dark Mortal,https://cdn.mangabaka.dev/imgproxy/plain/x250@1/aHR0cHM6Ly9pbWFnZXMubWFuZ2FiYWthLmRldi9kLzkvYy80L2UvZC9hLzUvNTVhYi80NTJlLzk1ZTEvM2UyMDJhMjc2ZDBk,title-unique,116768,Geomeun Ingan,https://s4.anilist.co/file/anilistcdn/media/manga/cover/medium/bx116768-lYPIhbYUojSM.jpg,
WebToons,https://www.webtoons.com/en/drama/new-normal-class-8/list?title_no=100,New Normal: Class 8,,link,19756,New Normal: Class 8,https://cdn.mangabaka.dev/imgproxy/plain/x250@1/aHR0cHM6Ly9pbWFnZXMubWFuZ2FiYWthLmRldi9hLzEvNC8wL2QvZi84L2YvNTYwMy80ZTMzL2EyYzgvM2E0YmYzMGI4ZTY1,title-unique,19756,New Normal: Class 8,https://cdn.mangabaka.dev/imgproxy/plain/x250@1/aHR0cHM6Ly9pbWFnZXMubWFuZ2FiYWthLmRldi9hLzEvNC8wL2QvZi84L2YvNTYwMy80ZTMzL2EyYzgvM2E0YmYzMGI4ZTY1,title-unique,97759,Pyeongbeomhan 8-ban,https://s4.anilist.co/file/anilistcdn/media/manga/cover/medium/bx97759-KWMAbBePIdDC.jpg,
WebToons,https://www.webtoons.com/en/drama/the-seductive-wife/list?title_no=5987,The Seductive Wife,,link,128089,The Seductive Wife,https://cdn.mangabaka.dev/imgproxy/plain/x250@1/aHR0cHM6Ly9zNC5hbmlsaXN0LmNvL2ZpbGUvYW5pbGlzdGNkbi9tZWRpYS9tYW5nYS9jb3Zlci9sYXJnZS9ieDE3ODc3Ny1BQU4wTWdpcEs5cU4ucG5n,title-unique,128089,The Seductive Wife,https://cdn.mangabaka.dev/imgproxy/plain/x250@1/aHR0cHM6Ly9zNC5hbmlsaXN0LmNvL2ZpbGUvYW5pbGlzdGNkbi9tZWRpYS9tYW5nYS9jb3Zlci9sYXJnZS9ieDE3ODc3Ny1BQU4wTWdpcEs5cU4ucG5n,ambiguous,,,,
WebToons,https://www.webtoons.com/en/fantasy/savior/list?title_no=3413,Savior,,link,58151,Savior,https://cdn.mangabaka.dev/imgproxy/plain/x250@1/aHR0cHM6Ly9pbWFnZXMubWFuZ2FiYWthLmRldi8yLzQvNC9iLzIvZC80L2MvNDkzMS80MWU2L2I4MzAvMTZlMjQ4YzhlYjlm,ambiguous,,,,title-unique,135491,Guju,https://s4.anilist.co/file/anilistcdn/media/manga/cover/medium/bx135491-pGeDERUUC5et.png,
WebToons,https://www.webtoons.com/en/drama/after-school-lessons-for-unripe-apples/list?title_no=3093,After School Lessons for Unripe Apples,,link,2366,After School Lessons for Unripe Apples,https://cdn.mangabaka.dev/imgproxy/plain/x250@1/aHR0cHM6Ly9pbWFnZXMubWFuZ2FiYWthLmRldi9lL2UvYS9lLzUvMi8zL2EvZDgyYi80MTRmLzhlMTEvY2E4MjJlMzQxODEy,title-unique,2366,After School Lessons for Unripe Apples,https://cdn.mangabaka.dev/imgproxy/plain/x250@1/aHR0cHM6Ly9pbWFnZXMubWFuZ2FiYWthLmRldi9lL2UvYS9lLzUvMi8zL2EvZDgyYi80MTRmLzhlMTEvY2E4MjJlMzQxODEy,title-unique,134191,Segimal Putsagwa Boseupagwon,https://s4.anilist.co/file/anilistcdn/media/manga/cover/medium/bx134191-xqewmy4yDSfR.jpg,
WebToons,https://www.webtoons.com/en/supernatural/to-tame-a-fire/list?title_no=3763,To Tame a Fire,,title-unique,58016,To Tame a Fire,https://cdn.mangabaka.dev/imgproxy/plain/x250@1/aHR0cHM6Ly9tZWRpYS5raXRzdS5hcHAvbWFuZ2EvNjk0MTYvcG9zdGVyX2ltYWdlL2ZjODBiNmZkZDc0YjVhZTNhNTgxMzQ5OTZiMzM2ZjIyLndlYnA,title-unique,58016,To Tame a Fire,https://cdn.mangabaka.dev/imgproxy/plain/x250@1/aHR0cHM6Ly9tZWRpYS5raXRzdS5hcHAvbWFuZ2EvNjk0MTYvcG9zdGVyX2ltYWdlL2ZjODBiNmZkZDc0YjVhZTNhNTgxMzQ5OTZiMzM2ZjIyLndlYnA,none,,,,
WebToons,https://www.webtoons.com/en/drama/agatha/list?title_no=3525,Agatha,,link,77417,Agatha,https://cdn.mangabaka.dev/imgproxy/plain/x250@1/aHR0cHM6Ly9pbWFnZXMubWFuZ2FiYWthLmRldi8wL2QvOC84L2QvZC9jLzcvNThkNy80MjU4L2E5ZjQvZGUyMjBhMDc3MjE1,title-unique,77417,Agatha,https://cdn.mangabaka.dev/imgproxy/plain/x250@1/aHR0cHM6Ly9pbWFnZXMubWFuZ2FiYWthLmRldi8wL2QvOC84L2QvZC9jLzcvNThkNy80MjU4L2E5ZjQvZGUyMjBhMDc3MjE1,title-unique,135998,Agatha,https://s4.anilist.co/file/anilistcdn/media/manga/cover/medium/bx135998-3FhCsiEEXQ4Z.jpg,
WebToons,https://www.webtoons.com/en/drama/unnie-i-like-you/list?title_no=6509,"Unnie, I Like You!",,title-unique,380377,"Unnie, I Like You!",https://cdn.mangabaka.dev/imgproxy/plain/x250@1/aHR0cHM6Ly9tZWRpYS5raXRzdS5hcHAvbWFuZ2EvNzMzODgvcG9zdGVyX2ltYWdlLzk0NjljN2FmNTU3MWEwNzA2NGRjMTljNDc5YTM3NDgwLndlYnA,title-unique,380377,"Unnie, I Like You!",https://cdn.mangabaka.dev/imgproxy/plain/x250@1/aHR0cHM6Ly9tZWRpYS5raXRzdS5hcHAvbWFuZ2EvNzMzODgvcG9zdGVyX2ltYWdlLzk0NjljN2FmNTU3MWEwNzA2NGRjMTljNDc5YTM3NDgwLndlYnA,none,,,,
WebToons,https://www.webtoons.com/en/drama/shes-hopeless/list?title_no=2767,She's Hopeless,,link,46153,She's Hopeless,https://cdn.mangabaka.dev/imgproxy/plain/x250@1/aHR0cHM6Ly9pbWFnZXMubWFuZ2FiYWthLmRldi84L2MvYi9hL2UvOS9mL2YvZDdmOC80OWY2L2E2NGYvMjhjYTk3MjdjMjU5,title-unique,46153,She's Hopeless,https://cdn.mangabaka.dev/imgproxy/plain/x250@1/aHR0cHM6Ly9pbWFnZXMubWFuZ2FiYWthLmRldi84L2MvYi9hL2UvOS9mL2YvZDdmOC80OWY2L2E2NGYvMjhjYTk3MjdjMjU5,title-unique,126944,Nodab Sonyeo,https://s4.anilist.co/file/anilistcdn/media/manga/cover/medium/bx126944-pGOZn3OW6fOv.jpg,
WebToons,https://www.webtoons.com/en/drama/just-one-bite/list?title_no=5215,Just One Bite!,,link,54079,Just One Bite!,https://cdn.mangabaka.dev/imgproxy/plain/x250@1/aHR0cHM6Ly9pbWFnZXMubWFuZ2FiYWthLmRldi8xL2QvNi80L2MvZi9mL2IvNTRkYi80YTIwLzk4NGIvNDEyMTFjMmVmNTFl,title-unique,54079,Just One Bite!,https://cdn.mangabaka.dev/imgproxy/plain/x250@1/aHR0cHM6Ly9pbWFnZXMubWFuZ2FiYWthLmRldi8xL2QvNi80L2MvZi9mL2IvNTRkYi80YTIwLzk4NGIvNDEyMTFjMmVmNTFl,title-unique,160311,Hanimman!,https://s4.anilist.co/file/anilistcdn/media/manga/cover/medium/bx160311-gOf7InxLCAq2.jpg,
